folder_name_row,word,pos_tag,ner_tag,custom_tag
00002_51,26,NU,B_D`TM,I_CLS
00002_90,รปภ.,NN,B,I_CLS
00002_118,รปภ.,NN,B,I_CLS
00002_168,รปภ.,NN,B,I_CLS
00002_174,รปภ.,NN,B,I_CLS
00002_208,รปภ.,NN,B,I_CLS
00002_404,รปภ.,NN,B,I_CLS
00015_976,ครม.,NN,B,I_CLS
00019_138,จนท.,NN,B,I_CLS
00019_732,พ.ร.บ.,NN,B,I_CLS
00019_814,ครม.,NN,B,I_CLS
00019_880,ผอ.,NN,B,I_CLS
00019_1118,ครม.,NN,B,E_CLS
00019_1178,ครม.,NN,B,E_CLS
00019_1646,พ.ร.บ.,NN,B,B_CLS
00023_15,จว.,NN,B,I_CLS
00027_101,พ.ร.บ.,NN,B,I_CLS
00027_924,พ.ร.บ.,NN,B,I_CLS
00032_11,ศก.,NN,B,I_CLS
00032_23,ศก.,NN,B,I_CLS
00037_187,พ.ร.บ.,NN,B,I_CLS
00042_792,พ.ร.ก.,NN,B,I_CLS
00042_2426,พ.ร.ก.,NN,B,I_CLS
00061_117,ผบช.น.,NN,B,I_CLS
00068_629,ศก.,NN,B,I_CLS
00068_1222,ศก.,NN,B,I_CLS
00074_0,ผบช.,NN,B,B_CLS
00074_16,ผบช.,NN,B,B_CLS
00075_0,จนท.,NN,B,B_CLS
00077_6,ศก.,NN,B,I_CLS
00078_73,ศก.,NN,B,I_CLS
00080_2500,ครม.,NN,B,I_CLS
00080_2537,ครม.,NN,B,E_CLS
00080_2927,ครม.,NN,B,I_CLS
00082_0,รร.,NN,B,B_CLS
00083_47,ม.,NN,B,I_CLS
00083_62,ชรบ.,NN,B,I_CLS
00083_327,ชรบ.,NN,B,I_CLS
00086_180,ส.ว.,NN,B,E_CLS
00086_252,ส.ว.,NN,B,I_CLS
00086_259,ส.ว.,NN,B,B_CLS
00093_272,ศก.,NN,B,I_CLS
00100_14,มทภ.,NN,B,I_CLS
00100_17,จนท.,NN,B,B_CLS
00100_48,มทภ.,NN,B,I_CLS
00112_264,ครม.,NN,B,I_CLS
00112_274,พ.ร.บ.,NN,B,I_CLS
00115_133,ไอซียู.,NN,B,E_CLS
00118_22,จยย.,NN,B,I_CLS
00119_394,ครม.,NN,B,I_CLS
00119_448,ครม.,NN,B,I_CLS
00119_506,ครม.,NN,B,I_CLS
00119_520,ครม.,NN,B,E_CLS
00121_332,พ.ร.บ.,NN,B,I_CLS
00137_0,ร.ร.,NN,B,B_CLS
00137_15,ร.ร.,NN,B,B_CLS
00141_13,ส.ส.,NN,B,I_CLS
00152_151,พ.ร.บ.,NN,B,I_CLS
00155_13,ศก.,NN,B,E_CLS
00157_167,ครม.,NN,B,I_CLS
00160_62,จนท.,NN,B,I_CLS
00170_761,บช.ปส.,NN,B,I_CLS
00171_71,จยย.,NN,B,I_CLS
00175_695,ครม.,NN,B,I_CLS
00175_3583,ผอ.,NN,B,I_CLS
00187_286,พ.ร.บ.,NN,B,I_CLS
00187_583,พ.ร.บ.,NN,B,I_CLS
00187_707,พ.ร.บ.,NN,B,I_CLS
00192_250,พ.ร.บ.,NN,B,I_CLS
00192_573,พ.ร.บ.,NN,B,I_CLS
00193_47,ตร.,NN,B,I_CLS
00194_761,ครม.,NN,B,I_CLS
00194_804,ผอ.,NN,B,I_CLS
00194_1068,ส.ว.,NN,B,I_CLS
00195_36,จว.,NN,B,I_CLS
00200_12,จยย.,NN,B,E_CLS
00200_73,จยย.,NN,B,I_CLS
00200_101,พ.ร.บ.,NN,B,I_CLS
00200_170,จยย.,NN,B,I_CLS
00200_187,จยย.,NN,B,I_CLS
00200_222,จยย.,NN,B,I_CLS
00200_298,จยย.,NN,B,I_CLS
00200_320,จยย.,NN,B,E_CLS
00200_338,จยย.,NN,B,I_CLS
00200_438,จยย.,NN,B,E_CLS
00202_376,รปภ.,NN,B,I_CLS
00202_463,รปภ.,NN,B,I_CLS
00202_555,รปภ.,NN,B,E_CLS
00207_30,พ.ร.บ.,NN,B,I_CLS
00207_364,พ.ร.บ.,NN,B,I_CLS
00207_713,พ.ร.บ.,NN,B,I_CLS
00209_11,พ.ร.ก.,NN,B,I_CLS
00209_41,พ.ร.ก.,NN,B,I_CLS
00209_65,พ.ร.ก.,NN,B,B_CLS
00209_89,พ.ร.ก.,NN,B,I_CLS
00209_192,พ.ร.ก.,NN,B,B_CLS
00209_272,พ.ร.ก.,NN,B,B_CLS
00209_285,พ.ร.ก.,NN,B,I_CLS
00214_157,พ.ร.บ.,NN,B,I_CLS
00217_0,มทภ.,NN,B,B_CLS
00217_30,พ.ร.บ.,NN,B,I_CLS
00217_74,พ.ร.บ.,NN,B,I_CLS
00217_102,พ.ร.บ.,NN,B,I_CLS
00217_114,ครม.,NN,B,I_CLS
00217_138,พ.ร.บ.,NN,B,I_CLS
00217_217,พ.ร.บ.,NN,B,I_CLS
00217_381,พ.ร.บ.,NN,B,I_CLS
00217_505,พ.ร.บ.,NN,B,I_CLS
00217_727,พ.ร.บ.,NN,B,B_CLS
00217_831,พ.ร.บ.,NN,B,I_CLS
00217_850,พ.ร.บ.,NN,B,I_CLS
00217_943,พ.ร.บ.,NN,B,I_CLS
00217_1000,พ.ร.บ.,NN,B,I_CLS
00217_1151,พ.ร.บ.,NN,B,I_CLS
00229_22,พ.ร.บ.,NN,B,I_CLS
00229_69,ครม.,NN,B,I_CLS
00229_77,พ.ร.บ.,NN,B,I_CLS
00229_162,พ.ร.บ.,NN,B,I_CLS
00233_223,จยย.,NN,B,I_CLS
00233_615,จยย.,NN,B,I_CLS
00236_30,พ.ร.บ.,NN,B,I_CLS
00236_887,พ.ร.บ.,NN,B,I_CLS
00236_911,พ.ร.บ.,NN,B,I_CLS
00236_1492,พ.ร.บ.,NN,B,I_CLS
00239_1250,ครม.,NN,B,I_CLS
00239_1257,ครม.,NN,B,B_CLS
00239_1276,ครม.,NN,B,I_CLS
00239_1838,ครม.,NN,B,I_CLS
00239_1933,ครม.,NN,B,I_CLS
00241_1,ครม.,NN,B,I_CLS
00241_16,ครม.,NN,B,B_CLS
00241_196,ครม.,NN,B,I_CLS
00241_244,ครม.,NN,B,I_CLS
00241_297,ครม.,NN,B,B_CLS
00241_451,ครม.,NN,B,B_CLS
00241_606,ครม.,NN,B,I_CLS
00241_657,ครม.,NN,B,B_CLS
00241_861,ครม.,NN,B,E_CLS
00241_879,ครม.,NN,B,I_CLS
00241_2311,ครม.,NN,B,B_CLS
00241_3309,มท.1,NN,B,I_CLS
00241_3428,ครม.,NN,B,I_CLS
00241_3448,ครม.,NN,B,I_CLS
00241_3473,ครม.,NN,B,I_CLS
00241_4038,พ.ร.บ.,NN,B,E_CLS
00251_277,พ.ร.บ.,NN,B,I_CLS
00255_7,จยย.,NN,B,I_CLS
00259_271,พ.ร.บ.,NN,B,I_CLS
00261_80,รปภ.,NN,B,B_CLS
00261_262,จยย.,NN,B,I_CLS
00261_286,จยย.,NN,B,I_CLS
00261_417,จยย.,NN,B,I_CLS
00261_474,จยย.,NN,B,I_CLS
00261_1402,พรก.,NN,B,E_CLS
00262_147,พ.ร.บ.,NN,B,I_CLS
00262_204,พ.ร.บ.,NN,B,I_CLS
00262_221,พ.ร.บ.,NN,B,I_CLS
00262_294,พ.ร.บ.,NN,B,I_CLS
00264_525,รปภ.,NN,B,I_CLS
00280_0,มท.1,NN,B,B_CLS
00280_96,พ.ร.บ.,NN,B,I_CLS
00294_18,ครม.,NN,B,I_CLS
00294_65,ครม.,NN,B,I_CLS
00294_71,พ.ร.บ.,NN,B,I_CLS
00294_367,ครม.,NN,B,I_CLS
00294_387,ครม.,NN,B,I_CLS
00294_395,ครม.,NN,B,I_CLS
00297_2094,น.,NN,B,I_CLS
00297_2118,น.,NN,B,I_CLS
00297_2133,น.,NN,B,I_CLS
00297_2194,น.,NN,B,I_CLS
00297_2207,น.,NN,B,I_CLS
00302_102,พ.ร.บ.,NN,B,I_CLS
00302_614,พ.ร.บ.,NN,B,I_CLS
00302_624,พ.ร.บ.,NN,B,I_CLS
00302_803,พ.ร.บ.,NN,B,I_CLS
00302_997,พ.ร.บ.,NN,B,I_CLS
00302_1223,พ.ร.บ.,NN,B,I_CLS
00311_7,จนท.,NN,B,I_CLS
00313_22,ครม.,NN,B,I_CLS
00316_4,จนท.,NN,B,I_CLS
00316_203,ผวจ.,NN,B,I_CLS
00337_295,รมว.,NN,B,I_CLS
00337_299,รมว.,NN,B,I_CLS
00338_336,ครม.,NN,B,I_CLS
00338_347,ครม.,NN,B,I_CLS
00338_570,ครม.,NN,B,I_CLS
00338_648,ครม.,NN,B,I_CLS
00350_152,รปภ.,NN,B,I_CLS
00362_306,ครม.,NN,B,I_CLS
00366_1506,M.S.T.,NN,B,I_CLS
00366_1511,Ed.,NN,B,I_CLS
00369_119,จว.,NN,B,I_CLS
00370_4,ศก.,NN,B,I_CLS
00373_32,เอ็นจีโอ,NN,B,I_CLS
00373_1201,ผบ.,NN,B,I_CLS
00375_1,ร.ร.,NN,B,I_CLS
00386_99,พ.ร.บ.,NN,B,I_CLS
00391_1,จนท.,NN,B,I_CLS
00391_34,จนท.,NN,B,I_CLS
00407_290,รปภ.,NN,B,I_CLS
00407_322,รปภ.,NN,B,E_CLS
00407_1042,รปภ.,NN,B,I_CLS
00416_76,ส.ส.,NN,B,I_CLS
00416_498,ส.ส.,NN,B,I_CLS
00417_309,พ.ร.บ.,NN,B,I_CLS
00418_1186,ศก.,NN,B,I_CLS
00424_791,ครม.,NN,B,I_CLS
00424_1008,ครม.,NN,B,E_CLS
00433_41,จยย.,NN,B,I_CLS
00448_358,ครม.,NN,B,I_CLS
00448_397,ครม.,NN,B,I_CLS
00450_133,พ.ร.บ.,NN,B,I_CLS
00450_349,พ.ร.บ.,NN,B,I_CLS
00452_3,รร.,NN,B,I_CLS
00455_62,ครม.,NN,B,I_CLS
00455_1196,ครม.,NN,B,B_CLS
00455_1228,ครม.,NN,B,I_CLS
00468_1232,ผกก.สส.,NN,B,I_CLS
00468_1237,สว.สส.,NN,B,B_CLS
00468_1238,สน.,NN,B,I_CLS
00472_798,พ.ร.บ.,NN,B,I_CLS
00484_16,พ.ร.ก.,NN,B,E_CLS
00484_39,พ.ร.ก.,NN,B,I_CLS
00484_134,พ.ร.ก.,NN,B,I_CLS
00484_337,พ.ร.ก.,NN,B,I_CLS
00486_1223,ครม.,NN,B,I_CLS
00489_72,ครม.,NN,B,I_CLS
00489_86,ครม.,NN,B,I_CLS
00489_125,ครม.,NN,B,I_CLS
00489_174,ครม.,NN,B,I_CLS
00489_296,ครม.,NN,B,I_CLS
00491_54,บ.,NN,B,I_CLS
00492_29,จนท.,NN,B,I_CLS
00492_72,จนท.,NN,B,I_CLS
00495_19,ศก.,NN,B,I_CLS
00497_8,พ.ร.บ.,NN,B,I_CLS
00497_36,พ.ร.บ.,NN,B,I_CLS
00497_212,พ.ร.บ.,NN,B,I_CLS
00497_355,พ.ร.บ.,NN,B,I_CLS
00501_2291,พ.ร.บ.,NN,B,I_CLS
00502_11,จยย.,NN,B,I_CLS
00502_119,จยย.,NN,B,I_CLS
00502_193,จยย.,NN,B,I_CLS
00502_285,จยย.,NN,B,I_CLS
00502_308,จยย.,NN,B,I_CLS
00522_1,จนท.,NN,B,I_CLS
00522_997,จนท.,NN,B,I_CLS
00527_240,ครม.,NN,B,E_CLS
00527_278,ครม.,NN,B,I_CLS
00527_329,ครม.,NN,B,I_CLS
00527_407,ครม.,NN,B,I_CLS
00527_474,ครม.,NN,B,I_CLS
00527_528,ครม.,NN,B,I_CLS
00527_551,ครม.,NN,B,I_CLS
00527_581,ครม.,NN,B,I_CLS
00527_622,ครม.,NN,B,I_CLS
00528_2978,ครม.,NN,B,I_CLS
00538_71,ครม.,NN,B,I_CLS
00540_25,รพ.,NN,B,E_CLS
00546_337,ครม.,NN,B,I_CLS
00546_385,ครม.,NN,B,I_CLS
00546_1259,ครม.,NN,B,I_CLS
00546_1789,ครม.,NN,B,I_CLS
00546_1820,ครม.,NN,B,I_CLS
00546_1874,ครม.,NN,B,I_CLS
00546_1886,ครม.,NN,B,I_CLS
00546_1904,ครม.,NN,B,I_CLS
00546_1950,ครม.,NN,B,I_CLS
00546_2277,ครม.,NN,B,I_CLS
00546_2360,ครม.,NN,B,I_CLS
00546_2458,ครม.,NN,B,I_CLS
00546_2537,ครม.,NN,B,E_CLS
00546_2653,ครม.,NN,B,I_CLS
00546_2868,ครม.,NN,B,I_CLS
00546_4446,ครม.,NN,B,I_CLS
00546_4496,ครม.,NN,B,I_CLS
00546_4708,ครม.,NN,B,I_CLS
00551_185,พ.ร.ก.,NN,B,I_CLS
00551_295,พ.ร.ก.,NN,B,I_CLS
00551_311,พ.ร.ก.,NN,B,I_CLS
00551_319,พ.ร.บ.,NN,B,I_CLS
00559_28,ศก.,NN,B,I_CLS
00571_38,จว.,NN,B,I_CLS
00575_3,รปภ.,NN,B,I_CLS
00575_31,รปภ.,NN,B,I_CLS
00575_332,รปภ.,NN,B,I_CLS
00575_558,รปภ.,NN,B,I_CLS
00575_889,รปภ.,NN,B,I_CLS
00575_1114,รปภ.,NN,B,I_CLS
00575_1271,รปภ.,NN,B,I_CLS
00575_1303,รปภ.,NN,B,B_CLS
00575_1644,รปภ.,NN,B,E_CLS
00575_1762,รปภ.,NN,B,I_CLS
00575_1850,รปภ.,NN,B,I_CLS
00575_1959,รปภ.,NN,B,I_CLS
00575_1996,รปภ.,NN,B,I_CLS
00578_22,พ.ต.,NN,B,I_CLS
00578_27,นศ.,NN,B,I_CLS
00578_67,นศ.,NN,B,I_CLS
00578_3212,ศก.,NN,B,I_CLS
00581_115,พ.ร.บ.,NN,B,I_CLS
00581_123,ครม.,NN,B,I_CLS
00581_216,พ.ร.บ.,NN,B,I_CLS
00581_321,พ.ร.บ.,NN,B,I_CLS
00582_1272,รปภ.,NN,B,I_CLS
00592_715,ครม.,NN,B,I_CLS
00595_199,พ.ร.บ.,NN,B,I_CLS
00602_1114,จว.,NN,B,I_CLS
00609_2,ศก.,NN,B,I_CLS
00611_383,ร.ร.,NN,B,I_CLS
00611_1023,ร.ร.,NN,B,I_CLS
00612_180,พ.ร.ก.,NN,B,B_CLS
00613_102,พ.ร.ก.,NN,B,I_CLS
00613_182,พ.ร.ก.,NN,B,I_CLS
00613_214,พ.ร.ก.,NN,B,I_CLS
00613_550,ส.ว.,NN,B,I_CLS
00613_563,พ.ร.ก.,NN,B,I_CLS
00613_605,พ.ร.ก.,NN,B,E_CLS
00613_828,พ.ร.ก.,NN,B,I_CLS
00613_862,พ.ร.ก.,NN,B,I_CLS
00613_976,พ.ร.บ.,NN,B,I_CLS
00613_1015,พ.ร.บ.,NN,B,I_CLS
00613_1060,พ.ร.บ.,NN,B,I_CLS
00613_1104,พ.ร.บ.,NN,B,I_CLS
00613_1124,พ.ร.บ.,NN,B,I_CLS
00613_1267,พ.ร.บ.,NN,B,I_CLS
00613_1273,พ.ร.ก.,NN,B,B_CLS
00613_1302,พ.ร.ก.,NN,B,I_CLS
00613_1331,พ.ร.ก.,NN,B,I_CLS
00613_1373,พ.ร.ก.,NN,B,I_CLS
00613_1429,พ.ร.ก.,NN,B,I_CLS
00613_1667,พ.ร.ก.,NN,B,I_CLS
00613_1671,พ.ร.บ.,NN,B,I_CLS
00613_1726,พ.ร.ก.,NN,B,I_CLS
00613_1779,พ.ร.บ.,NN,B,I_CLS
00613_1801,พ.ร.บ.,NN,B,I_CLS
00614_1246,พ.ร.บ.,NN,B,I_CLS
00625_293,พ.ร.บ.,NN,B,I_CLS
00634_450,พ.ร.บ.,NN,B,I_CLS
00639_626,ครม.,NN,B,I_CLS
00641_3,รปภ.,NN,B,I_CLS
00648_105,จยย.,NN,B,I_CLS
00658_91,ม.,NN,B,I_CLS
00661_207,จนท.,NN,B,I_CLS
00661_311,จนท.,NN,B,I_CLS
00663_27,ส.ส.,NN,B,B_CLS
00663_186,พ.ร.บ.,NN,B,I_CLS
00663_463,พ.ร.บ.,NN,B,I_CLS
00663_724,พ.ร.บ.,NN,B,I_CLS
00663_816,พ.ร.บ.,NN,B,I_CLS
00665_21,ผบ.,NN,B,I_CLS
00678_3,จนท.,NN,B,I_CLS
00683_360,รปภ.,NN,B,I_CLS
00683_473,รปภ.,NN,B,B_CLS
00683_507,รปภ.,NN,B,I_CLS
00690_16,รปภ.,NN,B,I_CLS
00690_19,มทภ.4,NN,B,B_CLS
00690_37,รปภ.,NN,B,E_CLS
00692_13,ครม.,NN,B,I_CLS
00692_16,พ.ร.บ.,NN,B,I_CLS
00692_28,พ.ร.บ.,NN,B,I_CLS
00692_102,พ.ร.บ.,NN,B,I_CLS
00706_40,จยย.,NN,B,I_CLS
00709_374,พ.ร.บ.,NN,B,I_CLS
00709_397,พ.ร.บ.,NN,B,I_CLS
00714_889,มท.1,NN,B,B_CLS
00737_18,จนท.,CL,B,E_CLS
00744_3,ผบ.,NN,B,I_CLS
00744_131,ผบ.,NN,B,I_CLS
00744_386,ผบ.,NN,B,B_CLS
00744_468,ผบ.,NN,B,B_CLS
00744_480,ผบ.,NN,B,I_CLS
00750_27,ผวจ.,NN,B,I_CLS
00750_47,จว.,CL,B,E_CLS
00750_500,ครม.,NN,B,I_CLS
00750_689,ครม.,NN,B,I_CLS
00750_825,ครม.,NN,B,I_CLS
00750_1163,ครม.,NN,B,I_CLS
00750_1184,ครม.,NN,B,I_CLS
00751_53,ผอ.,NN,B,I_CLS
00754_1092,พ.ร.บ.,NN,B,I_CLS
00764_398,พ.ร.บ.,NN,B,I_CLS
00768_687,พ.ร.บ.,NN,B,I_CLS
00774_440,รปภ.,NN,B,I_CLS
00777_4,อุตฯ,NN,B,I_CLS
00786_247,พ.ร.บ.,NN,B,I_CLS
00794_352,ครม.,NN,B,I_CLS
00804_11,พ.ร.ก.,NN,B,I_CLS
00807_190,รปภ.,NN,B,I_CLS
00807_479,รปภ.,NN,B,I_CLS
00807_533,รปภ.,NN,B,I_CLS
00807_616,พ.ร.ก.,NN,B,I_CLS
00823_508,รปภ.,NN,B,I_CLS
00826_151,ครม.,NN,B,I_CLS
00826_790,ครม.,NN,B,I_CLS
00826_813,ครม.,NN,B,I_CLS
00826_996,ครม.,NN,B,E_CLS
00826_1105,ครม.,NN,B,I_CLS
00826_1386,บจ.,NN,B,I_CLS
00826_1802,ครม.,NN,B,E_CLS
00826_1904,ครม.,NN,B,I_CLS
00826_2592,ครม.,NN,B,I_CLS
00826_2595,ครม.,NN,B,B_CLS
00829_523,ครม.,NN,B,I_CLS
00829_533,ครม.,NN,B,I_CLS
00829_761,ครม.,NN,B,I_CLS
00829_915,ครม.,NN,B,I_CLS
00834_9,ฮ.,NN,B,I_CLS
00834_488,อบต.,NN,B,E_CLS
00834_1723,ครม.,NN,B,I_CLS
00838_15,พ.ร.บ.,NN,B,I_CLS
00838_125,พ.ร.บ.,NN,B,E_CLS
00838_439,พ.ร.บ.,NN,B,I_CLS
00847_268,พ.ร.บ.,NN,B,I_CLS
00850_59,รปภ.,NN,B,I_CLS
00856_4,จว.,NN,B,I_CLS
00857_105,พ.ร.บ.,NN,B,I_CLS
00858_1322,มทภ.,NN,B,I_CLS
00858_2408,มท.1,NN,B,B_CLS
00863_44,สัปดาห์,CL,MEA_BI,I_CLS
00872_1344,อบจ.,NN,B,I_CLS
00882_6,จนท.,NN,B,I_CLS
00882_34,จนท.,NN,B,I_CLS
00889_134,จีเอชโอพี,NN,B,I_CLS
00889_587,GHOP,NN,B,B_CLS
00890_51,พ.ร.บ.,NN,B,E_CLS
00890_330,พ.ร.บ.,NN,B,B_CLS
00890_376,พ.ร.บ.,NN,B,I_CLS
00915_698,รมต.,NN,B,I_CLS
00915_2049,รมต.,NN,B,I_CLS
00916_74,พ.ร.บ.,NN,B,B_CLS
00919_11,มท.1,NN,B,I_CLS
00924_811,สบ,NN,B,I_CLS
00924_841,ผบ.,NN,B,I_CLS
00934_9,จว.,NN,B,I_CLS
00937_551,พ.ร.บ.,NN,B,I_CLS
00939_10,จยย.,NN,B,I_CLS
00939_51,จยย.,NN,B,I_CLS
00939_78,จยย.,NN,B,I_CLS
00955_41,พ.ร.ก.,NN,B,I_CLS
00955_98,พ.ร.ก.,NN,B,I_CLS
00955_201,พ.ร.ก.,NN,B,I_CLS
00955_264,พ.ร.ก.,NN,B,I_CLS
00955_388,พ.ร.ก.,NN,B,I_CLS
00955_550,พ.ร.ก.,NN,B,I_CLS
00956_47,ผบ.,NN,B,I_CLS
00956_555,จยย.,NN,B,I_CLS
00956_575,จยย.,NN,B,E_CLS
00956_629,จยย.,NN,B,I_CLS
00956_701,จยย.,NN,B,I_CLS
00961_177,พ.ร.ก.,NN,B,I_CLS
00963_3,จนท.,NN,B,I_CLS
00963_12,จนท.,NN,B,B_CLS
00970_48,ผบ.,NN,B,I_CLS
00970_483,ม.,NN,B,I_CLS
00973_494,ครม.,NN,B,I_CLS
00978_83,รปภ.,NN,B,I_CLS
00978_388,จยย.,NN,B,E_CLS
00978_4458,ครม.,NN,B,I_CLS
00978_4640,พ.ร.บ.,NN,B,B_CLS
00978_4661,ครม.,NN,B,I_CLS
00978_4705,ครม.,NN,B,E_CLS
00978_4748,ครม.,NN,B,I_CLS
00978_4796,ครม.,NN,B,E_CLS
00978_4804,พ.ร.บ.,NN,B,I_CLS
00978_4863,พ.ร.บ.,NN,B,I_CLS
00978_5258,ครม.,NN,B,I_CLS
00978_5412,ครม.,NN,B,I_CLS
00978_6858,ครม.,NN,B,E_CLS
00978_7226,ส.ส.,NN,B,I_CLS
00978_7275,ส.ส.,NN,B,I_CLS
00981_0,ศก.,NN,B,B_CLS
01005_22,พ.ร.บ.,NN,B,I_CLS
01010_359,จยย.,NN,B,I_CLS
01015_657,รปภ.,NN,B,I_CLS
01015_952,รปภ.,NN,B,I_CLS
01027_76,ปชช.,NN,B,I_CLS
01028_301,ครม.,NN,B,I_CLS
01028_1189,ครม.,NN,B,E_CLS
01028_1507,ครม.,NN,B,E_CLS
01029_345,จยย.,NN,B,I_CLS
01029_393,จยย.,NN,B,I_CLS
01038_13,ศก.,NN,B,E_CLS
01048_2117,พ.ร.บ.,NN,B,I_CLS
01048_2360,พ.ร.บ.,NN,B,I_CLS
01048_2688,พ.ร.บ.,NN,B,I_CLS
01052_63,จยย.,NN,B,I_CLS
01064_122,พ.ร.บ.,NN,B,I_CLS
01072_1136,รปภ.,NN,B,I_CLS
01072_1254,รปภ.,NN,B,I_CLS
01074_170,ร.ร.,NN,B,I_CLS
01074_343,พ.ร.บ.,NN,B,I_CLS
01075_62,จนท.,NN,B,B_CLS
01078_702,พ.ร.ก.,NN,B,I_CLS
01078_704,พ.ร.บ.,NN,B,I_CLS
01082_349,พ.ร.บ.,NN,B,I_CLS
01082_379,พ.ร.บ.,NN,B,I_CLS
01097_4,ผอ.,NN,B,I_CLS
01100_405,ถ.,NN,B,I_CLS
01116_282,พ.ร.บ.,NN,B,I_CLS
01116_1042,พ.ร.บ.,NN,B,I_CLS
01116_1058,พ.ร.ก.,NN,B,E_CLS
01116_1060,พ.ร.บ.,NN,B,I_CLS
01126_396,ส.ส.,NN,B,I_CLS
01126_407,ส.ส.,NN,B,B_CLS
01126_509,ส.ว.,NN,B,I_CLS
01127_578,พ.ร.บ.,NN,B,I_CLS
01127_587,พ.ร.บ.,NN,B,I_CLS
01127_598,พ.ร.บ.,NN,B,I_CLS
01127_757,พ.ร.บ.,NN,B,I_CLS
01127_766,พ.ร.บ.,NN,B,I_CLS
01134_278,ครม.,NN,B,I_CLS
01134_362,พ.ร.บ.,NN,B,I_CLS
01135_232,รปภ.,NN,B,I_CLS
01135_271,รปภ.,NN,B,B_CLS
01140_234,พ.ร.บ.,NN,B,I_CLS
01140_242,พ.ร.บ.,NN,B,I_CLS
01140_256,พ.ร.บ.,NN,B,B_CLS
01140_722,พ.ร.บ.,NN,B,I_CLS
01140_726,พ.ร.บ.,NN,B,I_CLS
01140_734,พ.ร.บ.,NN,B,E_CLS
01140_815,พ.ร.บ.,NN,B,I_CLS
01140_820,พ.ร.บ.,NN,B,I_CLS
01140_828,พ.ร.บ.,NN,B,B_CLS
01141_1222,มท.1,NN,B,E_CLS
01144_21,จยย.,NN,B,I_CLS
01148_25,ร.ร.,CL,B,I_CLS
01154_736,ครม.,NN,B,B_CLS
01155_0,จนท.,NN,B,B_CLS
01155_32,รปภ.,NN,B,I_CLS
01163_531,พ.ร.บ.,NN,B,I_CLS
01171_132,ส.ส.,NN,B,I_CLS
01174_38,จนท.,NN,B,I_CLS
01174_523,กมธ.,NN,B,I_CLS
01174_637,ผอ.,NN,B,I_CLS
01175_1,จยย.,NN,B,I_CLS
01175_17,จยย.,NN,B,I_CLS
01175_50,จยย.,NN,B,I_CLS
01175_215,รปภ.,NN,B,E_CLS
01183_40,ขรก.,NN,B,I_CLS
01184_25,จยย.,NN,B,I_CLS
01185_1610,ครม.,NN,B,I_CLS
01185_1689,ครม.,NN,B,E_CLS
01185_2580,ครม.,NN,B,I_CLS
01185_2637,พ.ร.บ.,NN,B,I_CLS
01191_21,จยย.,NN,B,I_CLS
01200_217,พ.ร.บ.,NN,B,B_CLS
01200_227,พ.ร.บ.,NN,B,I_CLS
01200_411,พ.ร.ก.,NN,B,I_CLS
01202_103,พ.ร.บ.,NN,B,I_CLS
01202_875,พ.ร.บ.,NN,B,I_CLS
01202_890,พ.ร.บ.,NN,B,I_CLS
01202_946,พ.ร.บ.,NN,B,I_CLS
01216_24,จยย.,NN,B,I_CLS
01216_36,จนท.,NN,B,B_CLS
01220_695,ศก.,NN,B,E_CLS
01221_359,พ.ร.ก.,NN,B,I_CLS
01221_398,พ.ร.บ.,NN,B,I_CLS
01223_2722,พ.ร.บ.,NN,B,I_CLS
01223_5550,พ.ร.บ.,NN,B,I_CLS
01230_182,พ.ร.บ.,NN,B,I_CLS
01239_380,ส.ส.,NN,B,I_CLS
01239_392,ส.ส.,NN,B,I_CLS
01239_447,ส.ส.,NN,B,I_CLS
01241_600,จนท.,NN,B,I_CLS
01241_764,จนท.,NN,B,I_CLS
01245_112,พ.ร.บ.,NN,B,I_CLS
01249_17,จยย.,NN,B,I_CLS
01263_638,พ.ร.ก.,NN,B,I_CLS
01266_11,จว.,NN,B,I_CLS
01266_1969,ครม.,NN,B,B_CLS
01266_2001,ครม.,NN,B,I_CLS
01266_2324,จนท.,NN,B,I_CLS
01283_77,ส.ส.,NN,B,I_CLS
01285_1,ครม.,NN,B,I_CLS
01285_14,ครม.,NN,B,B_CLS
01285_113,ครม.,NN,B,I_CLS
01285_166,ครม.,NN,B,I_CLS
01285_271,ครม.,NN,B,I_CLS
01285_311,ครม.,NN,B,I_CLS
01285_337,พ.ร.ก.,NN,B,I_CLS
01285_396,ครม.,NN,B,I_CLS
01285_493,ครม.,NN,B,I_CLS
01285_558,ครม.,NN,B,B_CLS
01285_612,ครม.,NN,B,I_CLS
01285_907,ครม.,NN,B,I_CLS
01290_66,ศก.,NN,B,I_CLS
01292_3,ธ.,NN,B,I_CLS
01292_47,จยย.,NN,B,I_CLS
01293_352,ครม.,NN,B,I_CLS
01297_6,ครม.,NN,B,I_CLS
01297_16,ครม.,NN,B,I_CLS
01300_322,พ.ร.บ.,NN,B,I_CLS
01301_10,จว.,CL,B,I_CLS
01315_88,รปภ.,NN,B,I_CLS
01315_495,รปภ.,NN,B,I_CLS
01326_5,ครม.,NN,B,I_CLS
01326_38,ครม.,NN,B,E_CLS
01326_47,มท.1,NN,__,I_CLS
01326_122,ครม.,NN,B,I_CLS
01326_148,ครม.,NN,B,I_CLS
01326_427,ครม.,NN,B,I_CLS
01326_445,ครม.,NN,B,I_CLS
01326_1343,พ.ร.บ.,NN,B,I_CLS
01326_1548,ครม.,NN,B,E_CLS
01326_1763,ครม.,NN,B,I_CLS
01326_3179,มท.1,NN,B,E_CLS
01327_1,จนท.,NN,B,I_CLS
01328_441,พ.ร.บ.,NN,B,I_CLS
01328_475,พ.ร.บ.,NN,B,I_CLS
01344_72,ศก.,NN,B,I_CLS
01345_349,พ.ร.บ.,NN,B,I_CLS
01345_424,พ.ร.บ.,NN,B,I_CLS
01354_15,ครม.,NN,B,B_CLS
01354_692,ครม.,NN,B,I_CLS
01354_1173,ครม.,NN,B,I_CLS
01355_516,พ.ร.บ.,NN,B,B_CLS
01355_543,พ.ร.บ.,NN,B,I_CLS
01358_424,ร.ด.,NN,B,I_CLS
01358_451,ร.ด.,NN,B,E_CLS
01358_586,ร.ด.,NN,B,I_CLS
01358_610,นศท.,NN,B,I_CLS
01358_720,ร.ด.,NN,B,I_CLS
01358_739,ร.ด.,NN,B,E_CLS
01364_112,จนท.,NN,B,I_CLS
01364_844,ครม.,NN,B,I_CLS
01367_372,พ.ร.บ.,NN,B,I_CLS
01382_804,พ.ร.บ.,NN,B,I_CLS
01389_8,รปภ.,NN,B,I_CLS
01389_38,รปภ.,NN,B,I_CLS
01389_89,รปภ.,NN,B,I_CLS
01389_205,รปภ.,NN,B,I_CLS
01389_254,รปภ.,NN,B,I_CLS
01391_40,ครม.,NN,B,I_CLS
01398_0,จนท.,NN,B,B_CLS
01398_12,จนท.,NN,B,B_CLS
01401_28,จว.,NN,B,I_CLS
01404_446,พ.ร.บ.,NN,B,B_CLS
01417_166,ครม.,NN,B,I_CLS
01417_506,ครม.,NN,B,I_CLS
01419_9,รปภ.,NN,B,I_CLS
01420_6,รมต.,NN,B,I_CLS
01423_422,ครม.,NN,B,I_CLS
01424_324,พ.ร.บ.,NN,B,I_CLS
01427_463,พ.ร.บ.,NN,B,I_CLS
01432_414,ครม.,NN,B,I_CLS
01436_254,พ.ร.ก.,NN,B,I_CLS
01436_291,พ.ร.ก.,NN,B,I_CLS
01444_1134,พ.ร.บ.,NN,B,I_CLS
01449_2046,ครม.,NN,B,I_CLS
01449_2398,พ.ร.บ.,NN,B,I_CLS
01449_2531,พ.ร.บ.,NN,B,I_CLS
01456_10,นร.,NN,B,I_CLS
01456_45,กมธ.,NN,B,I_CLS
01464_26,ส.ส.,NN,B,I_CLS
01464_117,ส.ส.,NN,B,I_CLS
01464_1207,รปภ.,NN,B,E_CLS
01464_1221,รปภ.,NN,B,E_CLS
01465_5,ศก.,NN,B,E_CLS
01467_124,พ.ร.ก.,NN,B,I_CLS
01467_380,พ.ร.ก.,NN,B,I_CLS
01467_666,3315,NU,OBRN_B,I_CLS
01472_28,ครม.,NN,B,E_CLS
01477_16,พ.ร.บ.,NN,B,I_CLS
01477_322,พ.ร.บ.,NN,B,I_CLS
01483_154,พขร.,NN,B,I_CLS
01493_317,พ.ร.ก.,NN,B,I_CLS
01493_3091,จว.,NN,B,I_CLS
01493_3108,จว.,NN,B,I_CLS
01496_39,ครม.,NN,B,I_CLS
01498_104,พ.ร.บ.,NN,B,I_CLS
01498_192,พ.ร.บ.,NN,B,I_CLS
01499_294,พ.ร.บ.,NN,B,I_CLS
01499_1820,พ.ร.บ.,NN,B,I_CLS
01503_15,จว.,CL,B,I_CLS
01503_64,น้ำ,NN,ORG_I,I_CLS
01504_176,ผกก.,NN,B,I_CLS
01504_177,หน.,NN,B,I_CLS
01509_0,จนท.,NN,B,B_CLS
01509_586,พ.ร.บ.,NN,B,I_CLS
01517_27,ครม.,NN,B,I_CLS
01517_92,ครม.,NN,B,I_CLS
01517_144,พ.ร.บ.,NN,B,I_CLS
01517_163,ครม.,NN,B,E_CLS
01518_87,พ.ร.ก.,NN,B,I_CLS
01518_112,พ.ร.บ.,NN,B,I_CLS
01518_125,พ.ร.บ.,NN,B,I_CLS
01518_277,พ.ร.ก.,NN,B,I_CLS
01518_294,พ.ร.บ.,NN,B,I_CLS
01518_306,พ.ร.บ.,NN,B,I_CLS
01528_70,มท.1,NN,B,I_CLS
01530_99,ครม.,NN,B,I_CLS
01530_259,ครม.,NN,B,I_CLS
01530_676,พ.ร.บ.,NN,B,I_CLS
01530_741,พ.ร.บ.,NN,B,I_CLS
01530_804,พ.ร.บ.,NN,B,I_CLS
01530_1348,พ.ร.บ.,NN,B,I_CLS
01531_138,พ.ร.บ.,NN,B,I_CLS
01531_249,พ.ร.ก.,NN,B,E_CLS
01531_253,พ.ร.บ.,NN,B,B_CLS
01536_9,ตร.,NN,B,I_CLS
01536_19,ตร.,NN,B,I_CLS
01536_146,พ.ร.บ.,NN,B,I_CLS
01539_461,พ.ร.บ.,NN,B,E_CLS
01544_158,พ.ร.บ.,NN,B,I_CLS
01544_162,พ.ร.ก.,NN,B,I_CLS
01544_174,พ.ร.บ.,NN,B,E_CLS
01544_237,พ.ร.ก.,NN,B,I_CLS
01549_396,พ.ร.บ.,NN,B,I_CLS
01552_469,รปภ.,NN,B,I_CLS
01556_11,จนท.,NN,B,I_CLS
01556_617,จยย.,NN,B,I_CLS
01556_628,จยย.,NN,B,I_CLS
01556_649,จยย.,NN,B,I_CLS
01558_1182,พ.ร.บ.,NN,B,I_CLS
01558_1221,พ.ร.บ.,NN,B,I_CLS
01563_138,พ.ร.บ.,NN,B,I_CLS
01563_781,พ.ร.บ.,NN,B,E_CLS
01563_831,พ.ร.บ.,NN,B,I_CLS
01563_917,พ.ร.บ.,NN,B,I_CLS
01563_995,พ.ร.บ.,NN,B,I_CLS
01563_1111,พ.ร.บ.,NN,B,I_CLS
01563_1211,พ.ร.บ.,NN,B,I_CLS
01563_1380,พ.ร.บ.,NN,B,I_CLS
01563_1766,ครม.,NN,B,I_CLS
01563_1798,ครม.,NN,B,I_CLS
01563_1832,ครม.,NN,B,I_CLS
01563_1887,ครม.,NN,B,I_CLS
01563_1966,พ.ร.บ.,NN,B,I_CLS
01563_2030,ครม.,NN,B,I_CLS
01563_2065,ครม.,NN,B,I_CLS
01563_2124,ครม.,NN,B,I_CLS
01563_2132,ครม.,NN,B,I_CLS
01563_2157,ครม.,NN,B,I_CLS
01563_2186,ครม.,NN,B,I_CLS
01563_2780,ครม.,NN,B,I_CLS
01563_2823,รมต.,NN,B,I_CLS
01563_2985,รมว.,NN,B,I_CLS
01580_1076,ส.ส.,NN,B,B_CLS
01584_162,พ.ร.บ.,NN,B,I_CLS
01584_217,พ.ร.ก.,NN,B,I_CLS
01584_268,พ.ร.ก.,NN,B,I_CLS
01584_407,พ.ร.บ.,NN,B,I_CLS
01584_521,พ.ร.บ.,NN,B,E_CLS
01584_569,พ.ร.ก.,NN,B,I_CLS
01584_573,พ.ร.บ.,NN,B,I_CLS
01593_7,ฮ.,NN,B,I_CLS
01593_31,ฮ.,NN,B,I_CLS
01600_444,ครม.,NN,B,I_CLS
01610_10,ศก.,NN,B,E_CLS
01610_37,ศก.,NN,B,I_CLS
01611_8,มทภ.,NN,B,I_CLS
01611_1021,รปภ.,NN,B,I_CLS
01613_443,ครม.,NN,B,I_CLS
01615_109,ครม.,NN,B,I_CLS
01615_436,ครม.,NN,B,I_CLS
01617_28,จนท.,NN,B,I_CLS
01617_2739,พ.ร.บ.,NN,B,I_CLS
01620_408,ครม.,NN,B,I_CLS
01624_12,จว.,NN,B,I_CLS
01626_25,รปภ.,NN,B,I_CLS
01633_943,ครม.,NN,B,I_CLS
01633_989,ครม.,NN,B,I_CLS
01644_45,พ.ร.บ.,NN,B,I_CLS
01660_41,พ.ร.ก.,NN,B,I_CLS
01660_224,พ.ร.ก.,NN,B,I_CLS
01660_350,พ.ร.ก.,NN,B,I_CLS
01662_0,ครม.,NN,B,B_CLS
01662_23,ครม.,NN,B,B_CLS
01662_106,ครม.,NN,B,I_CLS
01662_392,ครม.,NN,B,I_CLS
01662_445,ครม.,NN,B,B_CLS
01675_11,ครม.,NN,B,I_CLS
01675_39,ครม.,NN,B,I_CLS
01675_98,ครม.,NN,B,E_CLS
01676_2298,พ.ร.บ.,NN,B,I_CLS
01676_2491,พ.ร.บ.,NN,B,I_CLS
01686_8,ครม.,NN,B,I_CLS
01686_94,ครม.,NN,B,I_CLS
01686_118,ศก.,NN,B,I_CLS
01686_160,ครม.,NN,B,I_CLS
01686_235,ครม.,NN,B,I_CLS
01686_248,ครม.,NN,B,I_CLS
01686_257,ครม.,NN,B,I_CLS
01686_372,ครม.,NN,B,I_CLS
01686_403,ครม.,NN,B,E_CLS
01686_481,ครม.,NN,B,I_CLS
01686_514,ครม.,NN,B,B_CLS
01686_548,ครม.,NN,B,B_CLS
01686_710,ครม.,NN,B,I_CLS
01686_728,ครม.,NN,B,I_CLS
01686_847,ครม.,NN,B,B_CLS
01686_1426,ครม.,NN,B,I_CLS
01686_1566,ครม.,NN,B,I_CLS
01686_1624,ครม.,NN,B,I_CLS
01686_1637,ครม.,NN,B,I_CLS
01686_1644,ครม.,NN,B,I_CLS
01686_1674,ครม.,NN,B,I_CLS
01686_1751,ครม.,NN,B,E_CLS
01686_1873,ศก.,NN,B,I_CLS
01686_1896,ครม.,NN,B,I_CLS
01686_1983,ครม.,NN,B,I_CLS
01686_2065,ครม.,NN,B,B_CLS
01686_2092,ครม.,NN,B,I_CLS
01686_2878,ครม.,NN,B,B_CLS
01686_3081,ครม.,NN,B,E_CLS
01686_3286,ครม.,NN,B,I_CLS
01686_3308,ครม.,NN,B,I_CLS
01686_3459,ครม.,NN,B,I_CLS
01686_3472,ครม.,NN,B,I_CLS
01686_3494,ครม.,NN,B,B_CLS
01686_3515,ครม.,NN,B,E_CLS
01687_659,ส.ว.,NN,B,I_CLS
01687_700,ส.ว.,NN,B,I_CLS
01687_747,ส.ว.,NN,B,I_CLS
01687_762,ส.ว.,NN,B,E_CLS
01687_781,ส.ว.,NN,B,I_CLS
01687_811,ส.ว.,NN,B,I_CLS
01687_855,ส.ว.,NN,B,I_CLS
01687_899,ส.ว.,NN,B,I_CLS
01687_916,ส.ว.,NN,B,I_CLS
01687_939,ส.ส.,NN,B,I_CLS
01687_942,ส.ว.,NN,B,I_CLS
01687_1034,ส.ว.,NN,B,B_CLS
01687_1132,ส.ว.,NN,B,I_CLS
01687_1161,ส.ว.,NN,B,I_CLS
01687_1208,ส.ว.,NN,B,I_CLS
01687_1264,ส.ว.,NN,B,I_CLS
01687_1387,พ.ร.บ.,NN,B,I_CLS
01687_1553,พ.ร.บ.,NN,B,E_CLS
01711_5,จว.,NN,B,I_CLS
01711_21,ครม.,NN,B,B_CLS
01711_140,พ.ร.บ.,NN,B,I_CLS
01711_469,ครม.,NN,B,I_CLS
01711_501,ครม.,NN,B,I_CLS
01711_567,ครม.,NN,B,I_CLS
01711_1182,ครม.,NN,B,I_CLS
01729_323,ครม.,NN,B,I_CLS
01733_411,พ.ร.บ.,NN,B,I_CLS
01740_356,พ.ร.บ.,NN,B,I_CLS
01755_994,ส.ว.,NN,B,I_CLS
01755_1385,ส.ว.,NN,B,I_CLS
01761_48,ผกก.,NN,B,I_CLS
01762_5,จว.,CL,B,I_CLS
01763_518,พ.ร.บ.,NN,B,I_CLS
01764_851,พ.ร.บ.,NN,B,I_CLS
01766_308,ไอที,NN,B,I_CLS
01766_377,ไอที,NN,B,E_CLS
01770_1243,รปภ.,NN,B,E_CLS
01777_173,พ.ร.บ.,NN,B,I_CLS
01778_22,มท.ภ.3,NN,__,I_CLS
01779_17,ก.ม.,NN,B,I_CLS
01780_11,จยย.,NN,B,I_CLS
01780_41,จยย.,NN,B,I_CLS
01780_68,จยย.,NN,B,I_CLS
01784_75,รร.,NN,B,I_CLS
01784_83,รปภ.,NN,B,I_CLS
01790_45,สวป.,NN,B,I_CLS
01791_469,รปภ.,NN,B,I_CLS
01793_127,พ.ร.ก.,NN,B,I_CLS
01793_139,พ.ร.บ.,NN,B,I_CLS
01793_856,พ.ร.บ.,NN,B,I_CLS
01793_867,พ.ร.ก.,NN,B,B_CLS
01795_79,ส.ส.,NN,B,I_CLS
01795_112,ส.ส.,NN,B,I_CLS
01795_390,ส.ส.,NN,B,I_CLS
01802_289,จยย.,NN,B,I_CLS
01802_332,จยย.,NN,B,I_CLS
01808_260,พ.ร.ก.,NN,B,I_CLS
01826_4,จนท.,NN,B,I_CLS
01842_175,จยย.,NN,B,I_CLS
01842_279,จยย.,NN,B,I_CLS
01845_63,ร.พ.,NN,B,I_CLS
01854_8,ร.ร.,NN,B,I_CLS
01854_30,พ.ร.บ.,NN,B,I_CLS
01854_31,ร.ร.,NN,B,I_CLS
01854_39,ร.ร.,NN,B,I_CLS
01854_96,พ.ร.บ.,NN,B,I_CLS
01854_109,พ.ร.บ.,NN,B,I_CLS
01854_197,พ.ร.บ.,NN,B,I_CLS
01854_211,พ.ร.บ.,NN,B,I_CLS
01854_229,พ.ร.บ.,NN,B,I_CLS
01854_349,พ.ร.บ.,NN,B,I_CLS
01854_474,พ.ร.บ.,NN,B,I_CLS
01854_607,พ.ร.บ.,NN,B,I_CLS
01854_748,พ.ร.บ.,NN,B,I_CLS
01854_938,พ.ร.บ.,NN,B,I_CLS
01854_1156,พ.ร.บ.,NN,B,I_CLS
01854_1256,พ.ร.บ.,NN,B,I_CLS
01854_1397,พ.ร.บ.,NN,B,I_CLS
01860_563,ผบก.,NN,B,I_CLS
01865_846,พ.ร.บ.,NN,B,I_CLS
01871_14,ศก.,NN,B,I_CLS
01871_72,ศก.,NN,B,I_CLS
01871_414,พ.ร.บ.,NN,B,B_CLS
01879_609,ส.ส.,NN,B,I_CLS
01884_12,ครม.,NN,B,I_CLS
01884_32,ครม.,NN,B,I_CLS
01884_569,พ.ร.ก.,NN,B,I_CLS
01887_150,พ.ร.บ.,NN,B,I_CLS
01891_754,พ.ร.บ.,NN,B,I_CLS
01901_351,หนึ่ง,NN,DDEM,I_CLS
01904_99,พ.ร.บ.,NN,B,I_CLS
01910_3,ร.ร.,NN,B,I_CLS
01920_68,พ.ร.บ.,NN,B,I_CLS
01920_289,พ.ร.บ.,NN,B,I_CLS
01920_404,พ.ร.บ.,NN,B,I_CLS
01920_416,พ.ร.บ.,NN,B,I_CLS
01920_545,พ.ร.บ.,NN,B,I_CLS
01921_463,รมว.,NN,B,B_CLS
01929_60,รปภ.,NN,B,I_CLS
01929_388,รปภ.,NN,B,I_CLS
01938_247,พ.ร.บ.,NN,B,I_CLS
01960_55,พ.ร.บ.,NN,B,I_CLS
01961_60,พ.ร.บ.,NN,B,I_CLS
01961_783,พ.ร.บ.,NN,B,E_CLS
01961_835,พ.ร.บ.,NN,B,I_CLS
01961_872,พ.ร.บ.,NN,B,I_CLS
01976_939,กก.บห.,NN,B,I_CLS
01979_288,กศน.,NN,B,E_CLS
01985_340,พ.ร.บ.,NN,B,I_CLS
02005_1163,ส.ส.,NN,B,I_CLS
02005_1229,ส.ส.,NN,B,I_CLS
02005_1339,ส.ส.,NN,B,I_CLS
02005_1352,ส.ส.,NN,B,I_CLS
02005_1367,ส.ส.,NN,B,I_CLS
02005_1392,ส.ส.,NN,B,I_CLS
02005_1397,ส.ส.,NN,B,I_CLS
02005_1411,ส.ส.,NN,B,I_CLS
02005_1453,ส.ส.,NN,B,I_CLS
02005_1776,ส.ส.,NN,B,I_CLS
02005_1806,ส.ส.,NN,B,I_CLS
02010_453,ครม.,NN,B,I_CLS
02010_765,ครม.,NN,B,I_CLS
02010_1267,ครม.,NN,B,I_CLS
02010_1311,ครม.,NN,B,E_CLS
02016_44,ส.ส.,NN,B,I_CLS
02025_2532,จว.,NN,B,I_CLS
02027_3,มท.1,NN,__,I_CLS
02034_2321,นายก,NN,B,I_CLS
02034_2322,ฯ,PU,I,I_CLS
02037_801,พ.ร.บ.,NN,B,B_CLS
02037_809,พ.ร.บ.,NN,B,I_CLS
02039_67,รปภ.,NN,B,I_CLS
02039_379,รปภ.,NN,B,I_CLS
02039_449,รปภ.,NN,B,I_CLS
02039_577,รปภ.,NN,B,I_CLS
02039_919,รปภ.,NN,B,I_CLS
02039_960,รปภ.,NN,B,E_CLS
02039_1364,จนท.,NN,B,B_CLS
02050_445,ครม.,NN,B,I_CLS
02053_59,พ.ร.บ.,NN,B,I_CLS
02053_280,พ.ร.บ.,NN,B,I_CLS
02053_327,พ.ร.บ.,NN,B,I_CLS
02055_248,พ.ร.บ.,NN,B,I_CLS
02055_369,พ.ร.บ.,NN,B,I_CLS
02060_399,พ.ร.ก.,NN,B,I_CLS
02062_230,พ.ร.ก.,NN,B,I_CLS
02062_239,พ.ร.บ.,NN,B,I_CLS
02062_258,พ.ร.บ.,NN,B,I_CLS
02062_304,พ.ร.ก.,NN,B,I_CLS
02062_307,พ.ร.บ.,NN,B,B_CLS
02062_415,ครม.,NN,B,I_CLS
02065_2,จนท.,NN,B,I_CLS
02067_316,พ.ร.บ.,NN,B,I_CLS
02077_10,จนท.,NN,B,I_CLS
02084_9,ร.ร.,NN,B,I_CLS
02084_89,จนท.,NN,B,I_CLS
02092_122,พ.ร.ก.,NN,B,I_CLS
02119_604,พ.ร.ก.,NN,B,I_CLS
02122_106,ครม.,NN,B,I_CLS
02122_128,ครม.,NN,B,E_CLS
02123_2,พ.ร.ก.,NN,B,I_CLS
02123_119,พ.ร.ก.,NN,B,I_CLS
02123_173,พ.ร.บ.,NN,B,I_CLS
02123_206,พ.ร.บ.,NN,B,I_CLS
02123_279,พ.ร.ก.,NN,B,I_CLS
02123_289,พ.ร.บ.,NN,B,I_CLS
02132_273,ตร.,NN,B,I_CLS
02142_1074,อพร.,NN,B,I_CLS
02142_1086,อส.,NN,B,I_CLS
02142_1148,อพร.,NN,B,I_CLS
02142_1150,อส.,NN,B,E_CLS
02144_5,พ.ร.บ.,NN,B,I_CLS
02144_19,พ.ร.บ.,NN,B,I_CLS
02151_12,ศก.,NN,B,E_CLS
02151_1308,พ.ร.บ.,NN,B,I_CLS
02153_11,พ.ร.ก.,NN,B,I_CLS
02153_48,พ.ร.ก.,NN,B,I_CLS
02159_47,จยย.,NN,B,I_CLS
02164_708,พ.ร.ก.,NN,B,I_CLS
02164_793,พ.ร.ก.,NN,B,I_CLS
02164_899,พ.ร.ก.,NN,B,I_CLS
02164_902,พ.ร.บ.,NN,B,B_CLS
02165_1,รพ.,NN,B,I_CLS
02166_0,รปภ.,NN,B,B_CLS
02166_11,รปภ.,NN,B,I_CLS
02166_128,รปภ.,NN,B,I_CLS
02166_181,รปภ.,NN,B,I_CLS
02166_191,รปภ.,NN,B,E_CLS
02166_253,รปภ.,NN,B,B_CLS
02166_274,รปภ.,NN,B,E_CLS
02166_333,รปภ.,NN,B,I_CLS
02166_371,รปภ.,NN,B,I_CLS
02166_408,รปภ.,NN,B,I_CLS
02166_489,รปภ.,NN,B,B_CLS
02166_576,รปภ.,NN,B,I_CLS
02166_608,รปภ.,NN,B,I_CLS
02166_820,รปภ.,NN,B,B_CLS
02166_901,รปภ.,NN,B,E_CLS
02166_912,รปภ.,NN,B,I_CLS
02166_951,พ.ร.บ.,NN,B,I_CLS
02166_1025,รปภ.,NN,B,I_CLS
02166_1258,รปภ.,NN,B,I_CLS
02167_10,รปภ.,NN,B,I_CLS
02167_32,รปภ.,NN,B,I_CLS
02167_358,รปภ.,NN,B,I_CLS
02167_379,รปภ.,NN,B,I_CLS
02173_639,ส.ส.,NN,B,I_CLS
02173_642,ส.ว.,NN,B,I_CLS
02179_663,ส.ส.,NN,B,I_CLS
02189_84,พ.ร.ก.,NN,B,I_CLS
02189_103,พ.ร.บ.,NN,B,I_CLS
02189_130,พ.ร.บ.,NN,B,I_CLS
02189_300,พ.ร.ก.,NN,B,I_CLS
02196_86,พ.ร.บ.,NN,B,I_CLS
02196_602,พ.ร.ก.,NN,B,I_CLS
02196_648,ครม.,NN,B,E_CLS
02196_653,พ.ร.ก.,NN,B,I_CLS
02196_753,พ.ร.ก.,NN,B,I_CLS
02196_1415,พ.ร.บ.,NN,B,I_CLS
02196_1459,พ.ร.บ.,NN,B,I_CLS
02196_1464,พ.ร.บ.,NN,B,I_CLS
02196_2451,ครม.,NN,B,I_CLS
02201_16,ศก.,NN,B,I_CLS
02221_249,พ.ร.บ.,NN,B,I_CLS
02221_265,พ.ร.ก.,NN,B,E_CLS
02221_267,พ.ร.บ.,NN,B,I_CLS
02221_397,พ.ร.ก.,NN,B,I_CLS
02221_400,พ.ร.บ.,NN,B,I_CLS
02223_456,ครม.,NN,B,I_CLS
02223_502,ครม.,NN,B,I_CLS
02224_939,อบต.,NN,B,I_CLS
02224_1768,จว.,NN,B,I_CLS
02224_2867,ครม.,NN,B,I_CLS
02228_11,ตปท.,NN,B,E_CLS
02228_39,รปภ.,NN,B,B_CLS
02233_1113,เอ็นจีโอ,NN,B,I_CLS
02234_11,ศก.,NN,B,I_CLS
02236_4,รปภ.,NN,B,I_CLS
02236_17,รปภ.,NN,B,I_CLS
02236_286,รปภ.,NN,B,I_CLS
02236_468,รปภ.,NN,B,I_CLS
02239_250,ครม.,NN,B,I_CLS
02239_301,ครม.,NN,B,I_CLS
02239_1560,ครม.,NN,B,I_CLS
02239_2148,ครม.,NN,B,I_CLS
02239_2245,ครม.,NN,B,I_CLS
02239_2322,ครม.,NN,B,I_CLS
02246_51,ครม.,NN,B,I_CLS
02253_52,พ.ร.ก.,NN,B,I_CLS
02253_146,พ.ร.ก.,NN,B,I_CLS
02258_27,พ.ร.บ.,NN,B,I_CLS
02258_29,พ.ร.ก.,NN,B,I_CLS
02258_150,พ.ร.ก.,NN,B,I_CLS
02258_161,พ.ร.บ.,NN,B,I_CLS
02267_44,ส.ว.,NN,B,I_CLS
02273_296,พ.ร.บ.,NN,B,I_CLS
02273_377,พ.ร.บ.,NN,B,I_CLS
02274_396,ส.ว.,NN,B,I_CLS
02274_404,ส.ว.,NN,B,I_CLS
02275_55,ตร.,NN,B,B_CLS
02279_113,จนท.,NN,B,I_CLS
02281_199,ส.ส.,NN,B,I_CLS
02281_631,ส.ส.,NN,B,I_CLS
02286_425,พ.ร.บ.,NN,B,I_CLS
02286_514,ทก.,NN,B,I_CLS
02289_455,น.,NN,B,I_CLS
02289_527,น.,NN,B,B_CLS
02289_627,น.,NN,B,B_CLS
02289_740,น.,NN,B,B_CLS
02289_900,น.,NN,B,I_CLS
02289_954,น.,NN,B,B_CLS
02289_1048,น.,NN,B,I_CLS
02289_1138,น.,NN,B,I_CLS
02289_1223,น.,NN,B,B_CLS
02289_1285,น.,NN,B,I_CLS
02289_1322,น.,NN,B,I_CLS
02289_2122,น.,NN,B,I_CLS
02289_2177,น.,NN,B,B_CLS
02289_2216,น.,NN,B,B_CLS
02289_2318,น.,NN,B,B_CLS
02289_2343,น.,NN,B,B_CLS
02289_2380,น.,NN,B,B_CLS
02289_2435,น.,NN,B,B_CLS
02289_2495,น.,NN,B,B_CLS
02289_2533,น.,NN,B,B_CLS
02289_2653,น.,NN,B,I_CLS
02289_2734,น.,NN,B,B_CLS
02289_2774,น.,NN,B,B_CLS
02289_2878,น.,NN,B,B_CLS
02289_2957,น.,NN,B,B_CLS
02289_3005,น.,NN,B,B_CLS
02289_3921,น.,NN,B,B_CLS
02298_12,ศก.,NN,B,I_CLS
02302_8,ศก.,NN,B,I_CLS
02305_1506,ครม.,NN,B,I_CLS
02305_1537,ครม.,NN,B,I_CLS
02310_822,ครม.,NN,B,I_CLS
02325_10,จว.,CL,B,I_CLS
02325_33,จว.,NN,B,I_CLS
02325_58,จนท.,NN,B,I_CLS
02326_33,พ.ร.ก.,NN,B,I_CLS
02326_124,พ.ร.ก.,NN,B,I_CLS
02326_209,พ.ร.ก.,NN,B,I_CLS
02326_221,พ.ร.บ.,NN,B,B_CLS
02326_247,พ.ร.ก.,NN,B,I_CLS
02326_335,พ.ร.ก.,NN,B,I_CLS
02326_396,พ.ร.ก.,NN,B,I_CLS
02333_636,จยย.,NN,B,I_CLS
02336_2,ศก.,NN,B,I_CLS
02362_8,รปภ.,NN,B,I_CLS
02362_37,รปภ.,NN,B,I_CLS
02366_82,มทภ.,NN,B,I_CLS
02366_966,มทภ.,NN,B,B_CLS
02366_2477,มทภ.,NN,B,B_CLS
02368_756,ปชช.,NN,B,I_CLS
02368_973,ส.ส.,NN,B,I_CLS
02370_193,พ.ร.ก.,NN,B,I_CLS
02372_8,ศก.,NN,B,I_CLS
02372_83,พ.ร.ก.,NN,B,I_CLS
02372_104,พ.ร.ก.,NN,B,I_CLS
02372_600,พ.ร.ก.,NN,B,I_CLS
02372_1012,พ.ร.ก.,NN,B,I_CLS
02372_2206,พ.ร.บ.,NN,B,B_CLS
02372_2235,พ.ร.บ.,NN,B,I_CLS
02372_2257,พ.ร.บ.,NN,B,I_CLS
02372_2368,พ.ร.ก.,NN,B,I_CLS
02372_2395,พ.ร.ก.,NN,B,B_CLS
02376_9,ร.ร.,NN,B,I_CLS
02381_1237,ครม.,NN,B,B_CLS
02381_1508,ครม.,NN,B,I_CLS
02381_1768,ครม.,NN,B,I_CLS
02381_1794,ครม.,NN,B,I_CLS
02383_86,พ.ร.บ.,NN,B,I_CLS
02383_1005,พ.ร.บ.,NN,B,I_CLS
02392_12,รปภ.,NN,B,I_CLS
02392_37,รปภ.,NN,B,I_CLS
02392_50,ร.ร.,NN,B,I_CLS
02392_535,รปภ.,NN,B,I_CLS
02392_593,รปภ.,VV,B,I_CLS
02392_850,จยย.,NN,B,I_CLS
02392_899,จยย.,NN,B,I_CLS
02406_12,ศก.,NN,B,I_CLS
02409_1162,พ.ร.บ.,NN,B,I_CLS
02409_2591,ครม.,NN,B,I_CLS
02425_2233,มท.1,NN,B,B_CLS
02425_3123,เอ็นจีโอ,NN,B,I_CLS
02429_1958,น.,NN,B,B_CLS
02429_2039,น.,NN,B,I_CLS
02429_2092,น.,NN,B,I_CLS
02429_2162,น.,NN,B,B_CLS
02432_117,พ.ร.บ.,NN,B,I_CLS
02432_122,พ.ร.บ.,NN,B,B_CLS
02441_9,รร.,NN,B,I_CLS
02447_78,ศก.,NN,B,I_CLS
02450_580,กกต.,NN,B,I_CLS
02450_656,กกต.,NN,B,I_CLS
02451_9,จยย.,NN,B,I_CLS
02451_22,จยย.,NN,B,I_CLS
02451_271,จยย.,NN,B,I_CLS
02453_581,รพ.,NN,B,I_CLS
02472_397,ครม.,NN,B,I_CLS
02480_617,จว.,NN,B,I_CLS
02497_727,นรต.,NN,B,I_CLS
02498_340,รปภ.,NN,B,I_CLS
02500_76,กกต.,NN,B,I_CLS
02500_178,พ.ร.บ.,NN,B,I_CLS
02505_2921,รปภ.,NN,B,I_CLS
02505_3409,รปภ.,NN,B,I_CLS
02505_3781,รปภ.,NN,B,I_CLS
02505_4342,รปภ.,NN,B,I_CLS
02505_4867,รปภ.,NN,B,E_CLS
02506_571,สน.,NN,B,I_CLS
02511_92,ครม.,NN,B,I_CLS
02511_1697,ครม.,NN,B,I_CLS
02511_1714,ครม.,NN,B,I_CLS
02511_1735,ครม.,NN,B,I_CLS
02512_41,พ.ร.ก.,NN,B,I_CLS
02512_191,พ.ร.ก.,NN,B,I_CLS
02515_403,พ.ร.ก.,NN,B,B_CLS
02515_414,พ.ร.บ.,NN,B,B_CLS
02515_426,พ.ร.บ.,NN,B,I_CLS
02516_69,จนท.,NN,B,I_CLS
02517_1676,ส.ส.,NN,B,I_CLS
02517_2305,ส.ส.,NN,B,I_CLS
02517_2623,ส.ส.,NN,B,I_CLS
02522_292,พ.ร.ก.,NN,B,I_CLS
02522_303,พ.ร.ก.,NN,B,I_CLS
02527_900,รปภ.,NN,B,I_CLS
02539_213,ครม.,NN,B,I_CLS
02542_19,ผบ.,NN,B,I_CLS
02548_108,ม.,NN,B,I_CLS
02549_41,จยย.,NN,B,I_CLS
02551_173,ขรก.,NN,B,I_CLS
02554_10,ศก.,NN,B,I_CLS
02555_201,พ.ร.บ.,NN,B,E_CLS
02555_224,พ.ร.บ.,NN,B,I_CLS
02555_337,พ.ร.บ.,NN,B,I_CLS
02555_351,พ.ร.บ.,NN,B,I_CLS
02555_1397,ครม.,NN,B,I_CLS
02555_1743,ครม.,NN,B,B_CLS
02555_1801,ครม.,NN,B,I_CLS
02555_1893,พ.ร.ก.,NN,B,I_CLS
02555_2471,พ.ร.ก.,NN,B,I_CLS
02555_2534,พ.ร.ก.,NN,B,I_CLS
02557_48,ครม.,NN,B,I_CLS
02557_734,ครม.,NN,B,I_CLS
02557_1020,ครม.,NN,B,I_CLS
02557_1079,ครม.,NN,B,I_CLS
02557_1099,ครม.,NN,B,I_CLS
02557_1184,ครม.,NN,B,I_CLS
02557_2032,ครม.,NN,B,I_CLS
02557_2437,ครม.,NN,B,I_CLS
02557_2487,ครม.,NN,B,E_CLS
02557_3029,มท.1,NN,B,I_CLS
02558_18,พ.ร.ก.,NN,B,I_CLS
02558_270,พ.ร.ก.,NN,B,I_CLS
02558_575,พ.ร.บ.,NN,B,I_CLS
02560_58,กม.,NN,B,I_CLS
02560_1187,พ.ร.บ.,NN,B,I_CLS
02560_1197,พ.ร.บ.,NN,B,I_CLS
02560_1533,พ.ร.บ.,NN,B,I_CLS
02560_1650,พ.ร.บ.,NN,B,I_CLS
02560_1884,พ.ร.บ.,NN,B,I_CLS
02560_1889,พ.ร.บ.,NN,B,B_CLS
02563_148,พ.ร.บ.,NN,B,I_CLS
02563_157,พ.ร.บ.,NN,B,I_CLS
02567_204,พ.ร.บ.,NN,B,I_CLS
02567_213,พ.ร.บ.,NN,B,I_CLS
02567_399,พ.ร.ก.,NN,B,I_CLS
02569_1462,อบจ.,NN,B,I_CLS
02569_1577,ส.ส.,NN,B,B_CLS
02569_2190,มทภ.,NN,B,B_CLS
02569_2199,จว.,CL,B,I_CLS
02573_102,พ.ร.ก.,NN,B,I_CLS
02577_5,พรบ.,NN,B,I_CLS
02577_9,ส.ว.,NN,B,B_CLS
02577_25,พ.ร.บ.,NN,B,I_CLS
02577_198,พ.ร.ก.,NN,B,B_CLS
02577_257,พ.ร.ก.,NN,B,I_CLS
02587_8,พ.ร.บ.,NN,B,I_CLS
02587_38,พ.ร.บ.,NN,B,E_CLS
02587_124,พ.ร.บ.,NN,B,I_CLS
02588_0,ครม.,NN,B,B_CLS
02589_6,ครม.,NN,B,I_CLS
02589_26,ครม.,NN,B,I_CLS
02589_33,ครม.,NN,B,E_CLS
02589_79,ครม.,NN,B,I_CLS
02589_89,ครม.,NN,B,I_CLS
02589_95,ครม.,NN,B,E_CLS
02589_117,ครม.,NN,B,I_CLS
02589_144,ครม.,NN,B,I_CLS
02589_206,ครม.,NN,B,E_CLS
02593_11,จยย.,NN,B,I_CLS
02595_15,ศก.,NN,B,I_CLS
02598_857,พ.ร.บ.,NN,B,I_CLS
02598_866,พ.ร.บ.,NN,B,I_CLS
02603_4,ศก.,NN,B,I_CLS
02603_64,ศก.,NN,B,I_CLS
02603_1003,ผอ.,NN,B,I_CLS
02603_1973,ศก.,NN,B,I_CLS
02604_260,พ.ร.บ.,NN,B,I_CLS
02604_3969,มท.1,NN,B,B_CLS
02610_0,ตร.,NN,B,B_CLS
02610_7,จว.,NN,B,I_CLS
02610_28,จยย.,NN,B,I_CLS
02613_287,รปภ.,NN,B,E_CLS
02615_1715,ส.ส.,NN,B,I_CLS
02615_1718,ส.ว.,NN,B,I_CLS
02619_1,จยย.,NN,B,I_CLS
02619_21,จยย.,NN,B,I_CLS
02623_87,ครม.,NN,B,I_CLS
02623_152,ครม.,NN,B,E_CLS
02623_740,พ.ร.ก.,NN,B,I_CLS
02625_1160,AOU,NN,B,I_CLS
02625_1555,เอโอยู,NN,B,I_CLS
02625_1565,แอลซี,NN,B,I_CLS
02628_251,จนท.,NN,B,I_CLS
02628_275,จนท.,NN,B,B_CLS
02628_425,จนท.,NN,B,I_CLS
02628_599,จนท.,NN,B,I_CLS
02628_600,ตร.,NN,I,I_CLS
02635_9,ศก.,NN,B,I_CLS
02665_4,พ.ร.ก.,NN,B,I_CLS
02665_18,พ.ร.บ.,NN,B,E_CLS
02665_84,พ.ร.บ.,NN,B,I_CLS
02665_215,พ.ร.บ.,NN,B,I_CLS
02665_387,พ.ร.บ.,NN,B,I_CLS
02665_428,พ.ร.บ.,NN,B,I_CLS
02665_443,พ.ร.บ.,NN,B,I_CLS
02665_467,พ.ร.บ.,NN,B,I_CLS
02665_664,พ.ร.บ.,NN,B,B_CLS
02665_785,พ.ร.บ.,NN,B,I_CLS
02665_827,ศก.,NN,B,I_CLS
02665_1136,พ.ร.บ.,NN,B,I_CLS
02665_1192,พ.ร.บ.,NN,B,I_CLS
02665_1235,พ.ร.บ.,NN,B,I_CLS
02665_1333,พ.ร.บ.,NN,B,I_CLS
02665_1363,พ.ร.บ.,NN,B,I_CLS
02665_1677,พ.ร.บ.,NN,B,I_CLS
02669_7,พ.ร.บ.,NN,B,I_CLS
02670_40,จยย.,NN,B,I_CLS
02675_139,พ.ร.บ.,NN,B,E_CLS
02678_908,พ.ร.บ.,NN,B,I_CLS
02679_31,พ.ร.บ.,NN,B,I_CLS
02679_69,พ.ร.บ.,NN,B,I_CLS
02680_53,น.ส.3,NN,B,I_CLS
02680_213,น.ส.3ก.,NN,B,I_CLS
02692_2886,ส.ส.,NN,B,I_CLS
02694_270,พ.ร.ก.,NN,B,I_CLS
02699_49,มทภ.1,NN,B,I_CLS
02699_132,ครม.,NN,B,I_CLS
02699_254,ครม.,NN,B,I_CLS
02699_274,ครม.,NN,B,B_CLS
02700_309,พ.ร.บ.,NN,B,I_CLS
02700_404,พ.ร.บ.,NN,B,I_CLS
02700_420,พ.ร.บ.,NN,B,I_CLS
02700_430,ม.,NN,B,I_CLS
02700_562,พ.ร.บ.,NN,B,I_CLS
02700_569,ม.,NN,B,I_CLS
02700_622,ครม.,NN,B,I_CLS
02700_627,ม.,NN,B,I_CLS
02700_632,พ.ร.บ.,NN,B,I_CLS
02700_647,ม.,NN,B,I_CLS
02700_663,ม.,NN,B,I_CLS
02700_712,พ.ร.บ.,NN,B,I_CLS
02700_724,ม.,NN,B,I_CLS
02700_844,พ.ร.บ.,NN,B,I_CLS
02700_1274,พ.ร.ก.,NN,B,I_CLS
02700_1278,พ.ร.บ.,NN,B,I_CLS
02700_1300,พ.ร.ก.,NN,B,I_CLS
02700_1304,พ.ร.บ.,NN,B,I_CLS
02700_1588,พ.ร.ก.,NN,B,I_CLS
02700_1592,พ.ร.บ.,NN,B,I_CLS
02700_1702,พ.ร.บ.,NN,B,I_CLS
02701_828,พ.ร.ก.,NN,B,I_CLS
02711_1077,ผบก.,NN,B,I_CLS
02711_1090,ตร.,NN,B,I_CLS
02714_7,จยย.,NN,B,I_CLS
02717_73,พ.ร.บ.,NN,B,I_CLS
02717_549,พ.ร.บ.,NN,B,I_CLS
02717_701,พ.ร.บ.,NN,B,I_CLS
02722_264,พ.ร.บ.,NN,B,I_CLS
02736_11,มท.1,NN,__,I_CLS
02739_1649,พ.ร.บ.,NN,B,E_CLS
02739_1727,พ.ร.บ.,NN,B,I_CLS
02741_2013,ครม.,NN,B,I_CLS
02741_2151,ครม.,NN,B,I_CLS
02744_51,พ.ร.ก.,NN,B,I_CLS
02744_122,พ.ร.บ.,NN,B,I_CLS
02744_141,พ.ร.ก.,NN,B,I_CLS
02744_191,พ.ร.ก.,NN,B,I_CLS
02744_363,พ.ร.ก.,NN,B,I_CLS
02744_489,พ.ร.ก.,NN,B,E_CLS
02744_511,พ.ร.ก.,NN,B,I_CLS
02744_557,พ.ร.ก.,NN,B,I_CLS
02744_817,ครม.,NN,B,B_CLS
02744_839,พ.ร.ก.,NN,B,I_CLS
02744_852,ครม.,NN,B,E_CLS
02744_972,พ.ร.ก.,NN,B,I_CLS
02744_1104,พ.ร.ก.,NN,B,I_CLS
02744_1718,ครม.,NN,B,I_CLS
02744_1819,พ.ร.ก.,NN,B,I_CLS
02744_1832,พ.ร.ก.,NN,B,I_CLS
02744_1874,พ.ร.ก.,NN,B,I_CLS
02744_1891,พ.ร.ก.,NN,B,I_CLS
02744_1944,พ.ร.ก.,NN,B,I_CLS
02744_2360,มทภ.,NN,B,B_CLS
02744_2549,พ.ร.ก.,NN,B,I_CLS
02745_216,รปภ.,NN,B,I_CLS
02745_729,รปภ.,NN,B,I_CLS
02745_754,รปภ.,NN,B,I_CLS
02745_1178,รปภ.,NN,B,I_CLS
02745_1332,รปภ.,NN,B,I_CLS
02745_1429,รปภ.,NN,B,I_CLS
02751_382,ครม.,NN,B,I_CLS
02751_957,ครม.,NN,B,I_CLS
02752_510,พ.ร.บ.,NN,B,I_CLS
02765_87,พ.ร.บ.,NN,B,I_CLS
02766_39,ครม.,NN,B,E_CLS
02767_0,ส.ส.,NN,B,B_CLS
02767_19,ส.ส.,NN,B,B_CLS
02769_0,จนท.,NN,B,B_CLS
02769_99,พ.ร.บ.,NN,B,I_CLS
02773_1130,รปภ.,NN,B,I_CLS
02779_732,จยย.,NN,B,I_CLS
02781_496,พ.ร.บ.,NN,B,I_CLS
02783_645,พ.ร.ก.,NN,B,I_CLS
02783_1287,ครม.,NN,B,I_CLS
02783_1502,ครม.,NN,B,I_CLS
02783_1585,พ.ร.ก.,NN,B,I_CLS
02783_2145,พ.ร.ก.,NN,B,B_CLS
02784_1,ผญบ.,NN,B,I_CLS
02790_14,ศก.,NN,B,I_CLS
02792_40,พ.ร.ก.,NN,B,I_CLS
02792_102,พ.ร.บ.,NN,B,I_CLS
02796_1030,ร.ร.,NN,B,I_CLS
02806_123,พ.ร.บ.,NN,B,I_CLS
02817_253,พ.ร.บ.,NN,B,I_CLS
02817_307,พ.ร.บ.,NN,B,I_CLS
02832_148,พ.ร.บ.,NN,B,I_CLS
02836_479,ครม.,NN,B,I_CLS
02837_6,ศก.,NN,B,I_CLS
02851_72,จว.,CL,B,I_CLS
02853_1908,ส.ส.,NN,B,I_CLS
02853_2009,พ.ร.บ.,NN,B,E_CLS
02853_2289,พ.ร.บ.,NN,B,I_CLS
02853_2332,พ.ร.บ.,NN,B,B_CLS
02853_2886,ผอ.,NN,B,I_CLS
02853_3607,ส.ว.,NN,B,E_CLS
02853_3667,ส.ว.,NN,B,I_CLS
02854_2,นศ.,NN,B,I_CLS
02854_7,นศ.,NN,B,I_CLS
02854_58,ปวส.,NN,B,I_CLS
02855_903,ครม.,NN,B,I_CLS
02855_1093,ครม.,NN,B,I_CLS
02868_268,ส.ส.,NN,B,E_CLS
02868_355,ส.ส.,NN,B,I_CLS
02872_141,พ.ร.บ.,NN,B,I_CLS
02872_157,พ.ร.บ.,NN,B,I_CLS
02872_173,พ.ร.บ.,NN,B,I_CLS
02872_190,พ.ร.บ.,NN,B,I_CLS
02872_218,พ.ร.ก.,NN,B,I_CLS
02872_222,พ.ร.บ.,NN,B,I_CLS
02872_272,พ.ร.บ.,NN,B,I_CLS
02872_330,พ.ร.บ.,NN,B,I_CLS
02872_346,พ.ร.บ.,NN,B,I_CLS
02877_480,พ.ร.บ.,NN,B,E_CLS
02877_521,พ.ร.บ.,NN,B,I_CLS
02878_5,ศก.,NN,B,I_CLS
02878_576,ศก.,NN,B,E_CLS
02881_205,พ.ร.บ.,NN,B,I_CLS
02891_2210,ครม.,NN,B,I_CLS
02891_2284,ครม.,NN,B,I_CLS
02898_9,ศก.,NN,B,E_CLS
02904_11,พ.ร.ก.,NN,B,I_CLS
02904_31,พ.ร.ก.,NN,B,I_CLS
02904_35,พ.ร.บ.,NN,B,I_CLS
02904_117,พ.ร.ก.,NN,B,I_CLS
02904_121,พ.ร.บ.,NN,B,I_CLS
02904_224,พ.ร.บ.,NN,B,I_CLS
02904_268,พ.ร.ก.,NN,B,I_CLS
02909_415,พ.ร.ก.,NN,B,I_CLS
02909_417,พ.ร.บ.,NN,B,I_CLS
02948_416,ผอ.,NN,B,B_CLS
02951_12,ศก.,NN,B,E_CLS
02956_10,ศก.,NN,B,E_CLS
02973_1456,พ.ร.ก.,NN,B,I_CLS
02976_36,ครม.,NN,B,I_CLS
02976_96,ครม.,NN,B,I_CLS
02976_150,ครม.,NN,B,I_CLS
02976_167,ครม.,NN,B,I_CLS
02976_570,ครม.,NN,B,I_CLS
02982_182,ส.ส.,NN,B,I_CLS
02982_442,ครม.,NN,B,I_CLS
02983_76,พ.ร.ก.,NN,B,E_CLS
02983_80,พ.ร.บ.,NN,B,B_CLS
02990_82,พ.ร.บ.,NN,B,I_CLS
03008_11880,สว.,NN,B,B_CLS
03008_11886,สว.,NN,B,I_CLS
03008_11950,สว.,NN,B,B_CLS
03008_11977,สส.,NN,B,I_CLS
03008_13324,ครม.,NN,B,I_CLS
03008_13760,ครม.,NN,B,I_CLS
03008_17163,สส.,NN,B,I_CLS
03008_17273,สส.,NN,B,I_CLS
03008_25068,สส.,NN,B,I_CLS
03008_29794,สส.,NN,B,E_CLS
03008_39672,สส.,NN,B,I_CLS
03008_39785,สส.,NN,B,I_CLS
03008_40107,สว.,NN,B,I_CLS
03008_40343,สส.,NN,B,E_CLS
03008_40359,สว.,NN,B,I_CLS
03008_40367,สส.,NN,B,E_CLS
03008_47585,สว.,NN,B,I_CLS
03010_47,รธน.,NN,B,I_CLS
03010_712,พ.ร.บ.,NN,B,I_CLS
03017_40,ตร.,NN,B,I_CLS
03022_5,จว.,NN,B,I_CLS
03023_1980,มท.1,NN,B,B_CLS
03023_4039,ครม.,NN,B,E_CLS
03024_14,พ.ร.บ.,NN,B,I_CLS
03029_313,ครม.,NN,B,I_CLS
03030_1421,จยย.,NN,B,I_CLS
03032_73,พ.ร.บ.,NN,B,I_CLS
03034_3,ศก.,NN,B,I_CLS
03041_125,ครม.,NN,B,I_CLS
03041_1403,ครม.,NN,B,B_CLS
03041_2240,ศก.,NN,B,I_CLS
03044_596,ผอ.,NN,B,I_CLS
03044_2716,รปภ.,NN,B,E_CLS
03044_2977,ครม.,NN,B,I_CLS
03044_3049,ศก.,NN,B,I_CLS
03053_765,พ.ร.บ.,NN,B,I_CLS
03057_1286,ส.ว.,NN,B,E_CLS
03058_50,จนท.,NN,B,I_CLS
03058_1964,ครม.,NN,B,I_CLS
03058_1971,ครม.,NN,B,B_CLS
03058_2068,ครม.,NN,B,I_CLS
03067_357,ครม.,NN,B,I_CLS
03068_0,มท.1,NN,B,B_CLS
03080_220,ส.อบต.,NN,B,I_CLS
03085_1313,อปพร.,NN,B,I_CLS
03090_215,พ.ร.ก.,NN,B,I_CLS
03091_3,รปภ.,NN,B,I_CLS
03091_30,จยย.,NN,B,I_CLS
03091_209,รปภ.,NN,B,I_CLS
03091_416,รปภ.,NN,B,I_CLS
03091_486,รปภ.,NN,B,I_CLS
03091_1464,รปภ.,NN,B,I_CLS
03091_1810,ชรบ.,NN,B,I_CLS
03105_5,ศก.,NN,B,I_CLS
03119_29,ศก.,NN,B,I_CLS
03123_16,จนท.,NN,B,I_CLS
03124_224,จยย.,NN,B,I_CLS
03124_296,จยย.,NN,B,I_CLS
03124_325,จยย.,NN,B,I_CLS
03132_11,ศก.,NN,B,I_CLS
03135_8,รปภ.,NN,B,I_CLS
03135_21,รปภ.,NN,B,I_CLS
03135_101,รปภ.,NN,B,I_CLS
03164_705,ส.ก.,NN,B,I_CLS
03167_10,รปภ.,NN,B,I_CLS
03168_331,พ.ร.บ.,NN,B,I_CLS
03169_3214,ครม.,NN,B,I_CLS
03169_3544,ครม.,NN,B,I_CLS
03186_127,ส.ส.,NN,B,I_CLS
03191_225,พ.ร.บ.,NN,B,I_CLS
03192_1622,พ.ร.ก.,NN,B,I_CLS
03200_133,ครม.,NN,B,I_CLS
03211_58,ครม.,NN,B,E_CLS
03238_24,จนท.,NN,B,I_CLS
03246_70,จนท.,NN,B,I_CLS
03246_860,จนท.,NN,B,I_CLS
03246_881,จนท.,NN,B,I_CLS
03246_1372,พ.ร.ก.,NN,B,I_CLS
03252_2235,MICE,NN,B,I_CLS
03252_2275,FIT,NN,B,I_CLS
03255_9,นร.,NN,B,I_CLS
03262_1133,ครม.,NN,B,I_CLS
03264_515,พ.ร.บ.,NN,B,I_CLS
03264_524,พ.ร.บ.,NN,B,I_CLS
03264_614,พ.ร.บ.,NN,B,I_CLS
03264_619,พ.ร.บ.,NN,B,I_CLS
03268_118,พ.ร.บ.,NN,B,I_CLS
03268_2115,ครม.,NN,B,I_CLS
03268_2129,พ.ร.บ.,NN,B,B_CLS
03268_2136,พ.ร.บ.,NN,B,I_CLS
03268_2951,พ.ร.บ.,NN,B,I_CLS
03268_2975,ครม.,NN,B,I_CLS
03268_3046,ครม.,NN,B,I_CLS
03268_3082,ครม.,NN,B,I_CLS
03268_4734,ครม.,NN,B,I_CLS
03291_55,ครม.,NN,B,I_CLS
03291_126,ครม.,NN,B,I_CLS
03295_4,ศก.,NN,B,I_CLS
03295_235,พ.ร.ก.,NN,B,I_CLS
03297_3,ศก.,NN,B,I_CLS
03297_71,ศก.,NN,B,I_CLS
03301_368,พ.ร.บ.,NN,B,I_CLS
03301_449,พ.ร.บ.,NN,B,I_CLS
03305_4,ร.ท.,NN,B,I_CLS
03305_1898,จยย.,NN,B,I_CLS
03305_2223,ฮ.,NN,B,I_CLS
03308_78,ครม.,NN,B,I_CLS
03308_2337,ครม.,NN,B,I_CLS
03308_2501,ครม.,NN,B,I_CLS
03310_793,พ.ร.บ.,NN,B,I_CLS
03319_11,ครม.,NN,B,I_CLS
03319_137,ครม.,NN,B,I_CLS
03333_83,ครม.,NN,B,B_CLS
03335_975,พ.ร.บ.,NN,B,I_CLS
03335_1039,พ.ร.บ.,NN,B,I_CLS
03335_1246,พ.ร.บ.,NN,B,I_CLS
03335_1313,พ.ร.บ.,NN,B,I_CLS
03335_1417,พ.ร.บ.,NN,B,I_CLS
03337_13,ส.ว.,NN,B,B_CLS
03343_384,ส.ส.,NN,B,I_CLS
03343_429,ส.ส.,NN,B,E_CLS
03343_442,กกต.,NN,B,I_CLS
03348_146,พ.ร.บ.,NN,B,I_CLS
03349_218,ครม.,NN,B,E_CLS
03377_94,มท.1,NN,B,I_CLS
03377_115,จว.,CL,B,I_CLS
03377_621,อส.,NN,B,I_CLS
03377_1511,พ.ร.บ.,NN,B,I_CLS
03391_148,จว.,NN,B,I_CLS
03391_668,พ.ร.บ.,NN,B,I_CLS
03394_16,จว.,NN,B,I_CLS
03398_47,ครม.,NN,B,I_CLS
03398_119,ครม.,NN,B,B_CLS
03398_167,ครม.,NN,B,I_CLS
03398_172,ครม.,NN,B,B_CLS
03398_435,ครม.,NN,B,I_CLS
03398_458,ครม.,NN,B,E_CLS
03398_481,ครม.,NN,B,I_CLS
03398_562,ครม.,NN,B,I_CLS
03398_586,ครม.,NN,B,I_CLS
03398_610,ครม.,NN,B,E_CLS
03398_659,ครม.,NN,B,B_CLS
03402_167,พ.ร.บ.,NN,B,I_CLS
03409_10,รปภ.,NN,B,I_CLS
03410_37,พ.ร.บ.,NN,B,B_CLS
03410_58,จว.,NN,B,I_CLS
03410_1140,พ.ร.บ.,NN,B,I_CLS
03410_1172,พ.ร.บ.,NN,B,I_CLS
03412_526,จว.,NN,B,E_CLS
03413_182,ยูเอสโอ,NN,B,I_CLS
03424_225,ประทักษ์นุกูล,NN,PER_I,I_CLS
03431_160,พ.ร.บ.,NN,B,I_CLS
03441_513,พ.ร.ก.,NN,B,I_CLS
03441_829,ป.,NN,B,I_CLS
03442_179,ครม.,NN,B,I_CLS
03448_16,ครม.,NN,B,I_CLS
03448_77,ครม.,NN,B,I_CLS
03448_937,ครม.,NN,B,I_CLS
03448_942,ร.ร.,NN,B,I_CLS
03451_29,พ.ร.ก.,NN,B,I_CLS
03451_266,พ.ร.ก.,NN,B,I_CLS
03451_302,พ.ร.ก.,NN,B,I_CLS
03456_479,ครม.,NN,B,E_CLS
03456_1401,พ.ร.บ.,NN,B,I_CLS
03456_1506,พ.ร.บ.,NN,B,I_CLS
03456_1676,พ.ร.บ.,NN,B,E_CLS
03456_1718,พ.ร.บ.,NN,B,E_CLS
03456_1735,พ.ร.บ.,NN,B,I_CLS
03456_2842,ครม.,NN,B,I_CLS
03456_3437,พ.ร.บ.,NN,B,E_CLS
03456_3802,พ.ร.บ.,NN,B,E_CLS
03456_3944,กกต.,NN,B,I_CLS
03456_4122,พ.ร.บ.,NN,B,E_CLS
03456_4138,พ.ร.บ.,NN,B,I_CLS
03456_4223,ส.ว.,NN,B,I_CLS
03456_4586,ส.ว.,NN,B,I_CLS
03464_13,สค.,NN,B,I_CLS
03464_91,จนท.,NN,B,I_CLS
03464_381,อบต.,NN,B,I_CLS
03466_10,จยย.,NN,B,I_CLS
03466_180,พ.ร.บ.,NN,B,I_CLS
03486_247,จนท.,NN,B,I_CLS
03488_0,ครม.,NN,B,B_CLS
03488_13,ครม.,NN,B,B_CLS
03488_176,ครม.,NN,B,I_CLS
03488_213,ครม.,NN,B,I_CLS
03488_216,ครม.,NN,B,B_CLS
03488_331,ครม.,NN,B,I_CLS
03488_394,ครม.,NN,B,I_CLS
03488_513,ครม.,NN,B,B_CLS
03493_2940,ครม.,NN,B,I_CLS
03500_293,ครม.,NN,B,I_CLS
03508_1594,ครม.,NN,B,E_CLS
03509_342,ผอ.,NN,B,B_CLS
03509_1086,จว.,CL,B,I_CLS
03514_856,พ.ต.อ.,NN,B,I_CLS
03514_861,ผบก.,NN,B,I_CLS
03514_879,พ.ต.อ.,NN,B,B_CLS
03529_3421,ครม.,NN,B,I_CLS
03534_5,จยย.,NN,B,I_CLS
03534_103,จยย.,NN,B,I_CLS
03543_372,พ.ร.บ.,NN,B,I_CLS
03549_158,พ.ร.ก.,NN,B,I_CLS
03549_593,พ.ร.ก.,NN,B,I_CLS
03551_167,จนท.,NN,B,I_CLS
03554_2426,ครม.,NN,B,I_CLS
03554_2831,ส.ส.,NN,B,I_CLS
03555_11,ครม.,NN,B,I_CLS
03555_37,ครม.,NN,B,I_CLS
03555_106,ครม.,NN,B,I_CLS
03555_144,ครม.,NN,B,I_CLS
03555_351,ครม.,NN,B,I_CLS
03555_457,ครม.,NN,B,I_CLS
03555_477,ครม.,NN,B,I_CLS
03555_627,ครม.,NN,B,I_CLS
03555_642,ครม.,NN,B,E_CLS
03556_40,พ.ร.ก.,NN,B,I_CLS
03556_284,พ.ร.ก.,NN,B,I_CLS
03556_302,พ.ร.ก.,NN,B,I_CLS
03559_48,ปธ.,NN,B,I_CLS
03570_0,พ.ร.ก.,NN,B,B_CLS
03570_107,พ.ร.ก.,NN,B,B_CLS
03570_125,พ.ร.ก.,NN,B,I_CLS
03570_403,พ.ร.ก.,NN,B,I_CLS
03570_532,พ.ร.ก.,NN,B,I_CLS
03571_16,ม.,NN,B,I_CLS
03577_2,รปภ.,NN,B,I_CLS
03577_30,พ.ร.ก.,NN,B,I_CLS
03583_392,ครม.,NN,B,E_CLS
03583_415,ครม.,NN,B,I_CLS
03583_4465,ผอ.,NN,B,I_CLS
03585_267,ส.ส.,NN,B,I_CLS
03586_27,จว.,CL,B,I_CLS
03590_23,พ.ร.บ.,NN,B,I_CLS
03601_40,ยูลีก,NN,B,I_CLS
03604_44,ศก.,NN,B,E_CLS
03605_41,พ.ร.บ.,NN,B,I_CLS
03605_247,พ.ร.บ.,NN,B,I_CLS
03605_306,พ.ร.บ.,NN,B,I_CLS
03605_336,พ.ร.บ.,NN,B,I_CLS
03606_262,พ.ร.บ.,NN,B,I_CLS
03610_269,พ.ร.บ.,NN,B,E_CLS
03610_291,พ.ร.บ.,NN,B,I_CLS
03611_20,จยย.,NN,B,I_CLS
03611_489,สภ.อ.,NN,B,I_CLS
03636_10,ปธ.,NN,B,I_CLS
03636_839,ครม.,NN,B,E_CLS
03637_9,รปภ.,NN,B,I_CLS
03638_1637,ส.ว.,NN,B,E_CLS
03638_1668,ส.ว.,NN,B,I_CLS
03651_430,ครม.,NN,B,I_CLS
03662_3412,ด.ช.,NN,B,I_CLS
03672_10,รร.,NN,B,I_CLS
03677_495,รร.,NN,B,I_CLS
03683_6,ส.จ.,NN,B,I_CLS
03683_25,ส.จ.,NN,B,I_CLS
03683_304,หนึ่ง,NU,DDEM,E_CLS
03687_16,ร.ร.,NN,B,E_CLS
03688_2067,พ.ร.บ.,NN,B,I_CLS
03696_101,รปภ.,NN,B,I_CLS
03696_500,ผบก.วก.,NN,B,I_CLS
03696_552,นรต.,NN,B,I_CLS
03696_587,นรต.,NN,B,I_CLS
03696_601,ผบก.ทล.,NN,B,E_CLS
03696_612,นรต.,NN,B,I_CLS
03696_620,ผบก.,NN,B,I_CLS
03696_641,ผบก.ปศท.,NN,B,I_CLS
03696_735,ผบก.,NN,B,I_CLS
03696_875,นรต.,NN,B,I_CLS
03696_891,ผบก.รฟ.,NN,B,I_CLS
03696_908,ผบช.ก.,NN,B,E_CLS
03696_922,นรต.,NN,B,I_CLS
03696_932,ผบช.ก.,NN,B,E_CLS
03696_950,นรต.,NN,B,I_CLS
03696_977,ผบก.,NN,B,I_CLS
03696_1081,ผบก.น.,NN,B,I_CLS
03696_1173,ผบช.,NN,B,I_CLS
03696_1174,สนว.,NN,B,E_CLS
03696_1256,นรต.,NN,B,I_CLS
03696_1315,นรต.,NN,B,I_CLS
03696_1414,นรต.,NN,B,I_CLS
03698_53,พ.ร.บ.,NN,B,E_CLS
03698_1125,พ.ร.บ.,NN,B,E_CLS
03698_1728,พ.ร.บ.,NN,B,E_CLS
03701_442,พ.ร.บ.,NN,B,I_CLS
03709_12,รปภ.,NN,B,E_CLS
03716_12,ครม.,NN,B,E_CLS
03716_26,ครม.,NN,B,I_CLS
03718_314,น.,NN,B,I_CLS
03718_366,น.,NN,B,B_CLS
03718_411,น.,NN,B,B_CLS
03718_490,น.,NN,B,B_CLS
03720_419,ปวส.,NN,B,I_CLS
03720_479,กศ.บป.,NN,B,E_CLS
03721_423,ผกก.,NN,B,I_CLS
03725_859,รปภ.,NN,B,I_CLS
03725_1963,รปภ.,NN,B,I_CLS
03725_2128,รปภ.,NN,B,I_CLS
03733_212,ส.ก.,NN,B,I_CLS
03733_213,ส.ข.,NN,B,I_CLS
03736_7,ครม.,NN,B,I_CLS
03736_28,ครม.,NN,B,I_CLS
03736_388,ครม.,NN,B,I_CLS
03737_2067,รปภ.,NN,B,I_CLS
03737_2151,รปภ.,NN,B,I_CLS
03737_2497,รปภ.,NN,B,I_CLS
03740_72,จยย.,NN,B,I_CLS
03740_173,รปภ.,NN,B,I_CLS
03744_60,ร.ร.,NN,B,I_CLS
03744_425,พ.ร.บ.,NN,B,E_CLS
03746_249,พ.ร.บ.,NN,B,I_CLS
03746_260,พ.ร.บ.,NN,B,I_CLS
03749_838,จนท.,NN,B,I_CLS
03749_1528,ครม.,NN,B,I_CLS
03749_2089,ครม.,NN,B,I_CLS
03749_2236,พ.ร.ก.,NN,B,I_CLS
03749_2254,ครม.,NN,B,I_CLS
03749_2266,พ.ร.ก.,NN,B,I_CLS
03749_2519,พ.ร.ก.,NN,B,I_CLS
03749_3045,พ.ร.บ.,NN,B,I_CLS
03755_636,ส.ส.,NN,B,I_CLS
03755_798,ส.ส.,NN,B,B_CLS
03755_975,ส.ส.,NN,B,B_CLS
03755_1202,ส.ส.,NN,B,B_CLS
03760_49,พ.ร.ก.,NN,B,I_CLS
03760_533,รปภ.,NN,B,I_CLS
03760_557,รปภ.,NN,B,I_CLS
03760_844,พ.ร.ก.,NN,B,I_CLS
03762_2975,ส.ว.,NN,B,B_CLS
03763_627,ป.,NN,B,I_CLS
03763_632,ป.,NN,B,I_CLS
03763_637,ป.,NN,B,I_CLS
03763_642,ป.,NN,B,I_CLS
03763_647,ป.,NN,B,I_CLS
03763_653,ป.,NN,B,I_CLS
03763_717,ป.,NN,B,I_CLS
03763_805,ป.,NN,B,I_CLS
03768_1057,ครม.,NN,B,I_CLS
03770_213,ไอซียู,NN,B,E_CLS
03772_323,ครม.,NN,B,B_CLS
04293_187,พ.ร.ก.,NN,B,I_CLS
04299_249,พ.ร.บ.,NN,B,I_CLS
04329_896,ส.ส.,NN,B,I_CLS
04339_350,รปภ.,NN,B,I_CLS
04339_487,รปภ.,NN,B,I_CLS
04339_1237,พ.ร.ก.,NN,B,I_CLS
04359_172,จยย.,NN,B,I_CLS
04359_304,จยย.,NN,B,I_CLS
04359_340,จยย.,NN,B,I_CLS
04361_1156,พ.ร.บ.,NN,B,I_CLS
04369_7,ศก.,NN,B,I_CLS
04382_8736,สุขภาพ,NN,ORG_I,I_CLS
04382_21034,80,NU,LOC_I,I_CLS
04435_26,พ.ร.บ.,NN,B,I_CLS
04435_119,พ.ร.บ.,NN,B,I_CLS
04443_197,รปภ.,NN,B,I_CLS
04443_375,รปภ.,NN,B,I_CLS
04467_383,ผบ.,NN,B,I_CLS
04477_40,ศก.,NN,B,I_CLS
04478_499,พ.ร.ก.,NN,B,E_CLS
04478_503,พ.ร.บ.,NN,B,B_CLS
04480_284,พ.ร.บ.,NN,B,I_CLS
04480_530,พ.ร.บ.,NN,B,I_CLS
04485_15,จนท.,NN,B,I_CLS
04494_42,รร.,NN,B,I_CLS
04494_1307,รร.,NN,B,I_CLS
04494_1865,รร.,NN,B,I_CLS
04494_2104,พ.ร.บ.,NN,B,I_CLS
04494_2665,พ.ร.บ.,NN,B,I_CLS
04494_2756,รร.,NN,B,B_CLS
04500_3,ศก.,NN,B,I_CLS
04504_290,พ.ร.บ.,NN,B,I_CLS
04504_370,พ.ร.บ.,NN,B,I_CLS
04504_538,พ.ร.บ.,NN,B,I_CLS
04512_527,จยย.,NN,B,I_CLS
04531_165,อาร์พี,NN,ABB,I_CLS
04533_156,จยย.,NN,B,I_CLS
04537_60,จยย.,NN,B,I_CLS
04537_217,จยย.,NN,B,I_CLS
04537_335,จยย.,NN,B,E_CLS
04551_876,พ.ร.บ.,NN,B,I_CLS
04551_929,พ.ร.บ.,NN,B,I_CLS
04558_139,พ.ร.ก.,NN,B,I_CLS
04558_181,พ.ร.ก.,NN,B,I_CLS
04558_186,พ.ร.บ.,NN,B,I_CLS
04558_196,พ.ร.บ.,NN,B,I_CLS
04558_219,ครม.,NN,B,I_CLS
04558_244,พ.ร.ก.,NN,B,I_CLS
04558_266,พ.ร.ก.,NN,B,I_CLS
04558_279,พ.ร.ก.,NN,B,I_CLS
04560_139,พ.ร.บ.,NN,B,I_CLS
04572_414,รร.,NN,B,I_CLS
04607_292,จยย.,NN,B,I_CLS
04607_341,จยย.,NN,B,I_CLS
04615_7,พรบ.,NN,B,I_CLS
04615_21,พ.ร.บ.,NN,B,I_CLS
04615_81,พ.ร.บ.,NN,B,I_CLS
04615_133,พ.ร.บ.,NN,B,I_CLS
04615_527,พ.ร.บ.,NN,B,I_CLS
04626_5,จนท.,NN,B,I_CLS
04627_180,จยย.,NN,B,I_CLS
04638_190,พ.ร.บ.,NN,B,I_CLS
04659_3,จยย.,NN,B,I_CLS
04660_107,พ.ร.ก.,NN,B,I_CLS
04670_97,พ.ร.บ.,NN,B,I_CLS
04670_268,พ.ร.บ.,NN,B,I_CLS
04670_290,พ.ร.บ.,NN,B,I_CLS
04673_893,จยย.,NN,B,I_CLS
04691_14,มท.1,NN,__,I_CLS
04691_31,มท.1,NN,B,I_CLS
04719_65,จยย.,NN,B,I_CLS
04719_738,รปภ.,NN,B,I_CLS
04722_55,พ.ร.บ.,NN,B,I_CLS
04742_77,รปภ.,NN,B,I_CLS
04742_329,รปภ.,NN,B,I_CLS
04748_72,พ.ร.บ.,NN,B,I_CLS
04749_49,รร.,NN,B,I_CLS
04750_17,รมว.,NN,B,I_CLS
